instance,family,status,ref_size,n_inputs,n_outputs,semantics
01,numeric,unknown,-1,4,3,Mealy
02,numeric,unknown,-1,4,4,Mealy
03,numeric,unknown,-1,5,5,Mealy
05,numeric,unknown,-1,5,5,Mealy
06,numeric,unknown,-1,5,5,Mealy
07,numeric,unknown,-1,5,5,Mealy
08,numeric,unknown,-1,5,6,Mealy
09,numeric,unknown,-1,5,5,Mealy
10,numeric,unknown,-1,5,5,Mealy
11,numeric,unknown,-1,5,5,Mealy
12,numeric,unknown,-1,5,6,Mealy
13,numeric,unknown,-1,5,6,Mealy
ActionConverter,ActionConverter,realizable,4,5,6,Mealy
AlarmMin_efe2feaf,AlarmMin,realizable,0,6,2,Mealy
Alarm_06e9cad4,Alarm,realizable,0,14,6,Mealy
Alarm_2d1010f8,Alarm,realizable,0,3,3,Mealy
Alarm_68c86764,Alarm,realizable,0,11,6,Mealy
Alarm_70523fbe,Alarm,realizable,0,11,6,Mealy
Alarm_88c5c1c3,Alarm,realizable,0,11,6,Mealy
Alarm_9cac58d3,Alarm,realizable,0,11,6,Mealy
Alarm_a5f99bc6,Alarm,realizable,0,14,6,Mealy
Alarm_f2774e0b,Alarm,realizable,0,10,6,Mealy
AllHeating_d6376bf9,AllHeating,realizable,0,6,5,Mealy
AllLights_06e9cad4,AllLights,unrealizable,-1,14,8,Mealy
AllLights_2c5b09da,AllLights,unrealizable,-1,15,8,Mealy
AllLights_63831f8c,AllLights,unrealizable,-1,12,8,Mealy
AllLights_aeb1d897,AllLights,unrealizable,-1,12,8,Mealy
AllLights_b209ff21,AllLights,unrealizable,-1,12,8,Mealy
AllLights_d6c5ac79,AllLights,unknown,-1,12,8,Mealy
AllShades_66f450a4,AllShades,unrealizable,-1,19,6,Mealy
Assumptions_a50cadd7,Assumptions,unrealizable,-1,25,24,Mealy
Automata,Automata,realizable,40,2,13,Mealy
Automata16S,Automata16S,realizable,59,2,21,Mealy
Automata32S,Automata32S,realizable,89,2,37,Mealy
Button,Button,realizable,0,1,4,Mealy
CheckAlarmBroken1_1a2942e3,CheckAlarmBroken1,realizable,0,1,3,Mealy
CheckAlarm_6bea956e,CheckAlarm,unrealizable,-1,1,3,Mealy
CheckCoffeMachineBroken1_a5f99bc6,CheckCoffeMachineBroken1,realizable,0,4,4,Mealy
CheckCoffeMachine_3461125b,CheckCoffeMachine,unrealizable,-1,4,4,Mealy
CheckCoffeMachine_f3987563,CheckCoffeMachine,unrealizable,-1,4,4,Mealy
CheckDoor_c2b9e44d,CheckDoor,unrealizable,-1,2,3,Mealy
CheckHeating_2418b67e,CheckHeating,unrealizable,-1,2,3,Mealy
CheckHeating_3461125b,CheckHeating,unrealizable,-1,2,3,Mealy
CheckLight_007df645,CheckLight,unrealizable,-1,2,4,Mealy
CheckLight_aeb1d897,CheckLight,unrealizable,-1,2,4,Mealy
CheckRoom_06e9cad4,CheckRoom,unrealizable,-1,6,0,Mealy
CheckRoom_2c5b09da,CheckRoom,unrealizable,-1,7,0,Mealy
CheckRoom_3916ec59,CheckRoom,unrealizable,-1,5,0,Mealy
CheckRoom_70523fbe,CheckRoom,unrealizable,-1,4,0,Mealy
CheckShades_1a2942e3,CheckShades,unrealizable,-1,2,3,Mealy
CheckShades_3461125b,CheckShades,unrealizable,-1,2,3,Mealy
CheckShades_4d4ca5c4,CheckShades,unrealizable,-1,2,3,Mealy
CheckShades_aeb1d897,CheckShades,unrealizable,-1,2,3,Mealy
CheckTime_3916ec59,CheckTime,unrealizable,-1,8,0,Mealy
CheckTime_4b5e6eaa,CheckTime,unrealizable,-1,5,0,Mealy
CheckTime_54e1f7d2,CheckTime,unrealizable,-1,4,0,Mealy
CheckTimer_54e1f7d2,CheckTimer,unrealizable,-1,1,4,Mealy
CheckTimer_fa8592c8,CheckTimer,unrealizable,-1,1,4,Mealy
CheckWarnlightBroken1_70523fbe,CheckWarnlightBroken1,realizable,0,2,3,Mealy
CheckWarnlight_1cf58fc1,CheckWarnlight,unrealizable,-1,3,3,Mealy
CheckWarnlight_4b5a2bad,CheckWarnlight,unrealizable,-1,2,3,Mealy
CheckWarnlight_54e1f7d2,CheckWarnlight,unrealizable,-1,2,3,Mealy
CheckWarnlight_6bea956e,CheckWarnlight,unrealizable,-1,3,3,Mealy
CheckWindows_54e1f7d2,CheckWindows,unrealizable,-1,3,0,Mealy
Cockpitboard,Cockpitboard,realizable,7,6,19,Mealy
Cockpitboard_efe2feaf,Cockpitboard,realizable,7,6,19,Mealy
CoffeMachine_974f4a68,CoffeMachine,realizable,58,6,4,Mealy
CoffeMachine_a50cadd7,CoffeMachine,unrealizable,-1,4,4,Mealy
CoffeeMin_88f351a6,CoffeeMin,realizable,0,6,4,Mealy
Coffee_06e9cad4,Coffee,realizable,74,10,4,Mealy
Coffee_235467da,Coffee,realizable,0,7,4,Mealy
Coffee_2c5b09da,Coffee,realizable,6,11,4,Mealy
Coffee_6479ef9a,Coffee,realizable,52,8,4,Mealy
Coffee_d6376bf9,Coffee,realizable,110,9,4,Mealy
Coffee_efe2feaf,Coffee,realizable,0,7,4,Mealy
Coffee_f1477cc5,Coffee,unrealizable,-1,8,4,Mealy
Core_4b5a2bad,Core,unrealizable,-1,10,7,Mealy
Core_66f450a4,Core,unrealizable,-1,8,5,Mealy
Core_fa4d4ce3,Core,unrealizable,-1,8,13,Mealy
Core_solved_974f4a68,Core_solved,realizable,2,10,7,Mealy
Demo1_06e9cad4,Demo1,unknown,-1,32,24,Mealy
Demo1_2c5b09da,Demo1,unknown,-1,33,24,Mealy
Demo1_63831f8c,Demo1,unknown,-1,30,24,Mealy
Demo1_c2b9e44d,Demo1,unknown,-1,30,24,Mealy
Demo1_d65ed84e,Demo1,unknown,-1,31,24,Mealy
DeviceBehaviorChec_fa8592c8,DeviceBehaviorChec,unrealizable,-1,4,6,Mealy
Door_2d1010f8,Door,realizable,19,4,3,Mealy
EnemeyModule,EnemeyModule,realizable,2,2,7,Mealy
EscalatorBidirectional,EscalatorBidirectional,realizable,30,7,7,Mealy
EscalatorBidirectionalInit,EscalatorBidirectionalInit,realizable,34,7,8,Mealy
EscalatorCounting,EscalatorCounting,realizable,8,3,6,Mealy
EscalatorCountingInit,EscalatorCountingInit,realizable,12,3,7,Mealy
EscalatorNonCounting,EscalatorNonCounting,realizable,3,2,3,Mealy
EscalatorNonReactive,EscalatorNonReactive,realizable,0,0,2,Mealy
EscalatorSmart,EscalatorSmart,realizable,37,4,3,Mealy
Example1_d6376bf9,Example1,realizable,0,6,8,Mealy
F-G-contradiction-10,F-G-contradiction,unknown,-1,8,2,Mealy
F-G-contradiction-11,F-G-contradiction,unknown,-1,8,2,Mealy
F-G-contradiction-110,F-G-contradiction,unknown,-1,17,2,Mealy
F-G-contradiction-111,F-G-contradiction,unknown,-1,17,2,Mealy
F-G-contradiction-112,F-G-contradiction,unknown,-1,20,2,Mealy
F-G-contradiction-113,F-G-contradiction,unknown,-1,20,2,Mealy
F-G-contradiction-114,F-G-contradiction,unknown,-1,25,2,Mealy
F-G-contradiction-12,F-G-contradiction,unknown,-1,9,2,Mealy
F-G-contradiction-13,F-G-contradiction,unknown,-1,9,2,Mealy
F-G-contradiction-14,F-G-contradiction,unknown,-1,9,2,Mealy
F-G-contradiction-15,F-G-contradiction,unknown,-1,9,2,Mealy
F-G-contradiction-16,F-G-contradiction,unknown,-1,15,2,Mealy
F-G-contradiction-17,F-G-contradiction,unknown,-1,16,2,Mealy
F-G-contradiction-18,F-G-contradiction,unknown,-1,17,2,Mealy
F-G-contradiction-19,F-G-contradiction,unknown,-1,17,2,Mealy
F-G-contradiction-2-unreal,F-G-contradiction-2-unreal,unknown,-1,9,1,Mealy
FelixSpecFixed2.2.core_fa8592c8,FelixSpecFixed2.2.core,unrealizable,-1,5,4,Mealy
FelixSpecFixed2_fa4d4ce3,FelixSpecFixed2,realizable,0,36,30,Mealy
FelixSpecFixed3.core_b209ff21,FelixSpecFixed3.core,unrealizable,-1,8,8,Mealy
FelixSpecFixed3_b0840146,FelixSpecFixed3,realizable,0,36,30,Mealy
FelixSpecFixed4GuaranteesOnly_88f351a6,FelixSpecFixed4GuaranteesOnly,unrealizable,-1,32,14,Mealy
FelixSpecFixed4_3916ec59,FelixSpecFixed4,realizable,0,36,30,Mealy
FelixSpecFixed5_f82794da,FelixSpecFixed5,unknown,-1,37,30,Mealy
FelixSpecFixed_2418b67e,FelixSpecFixed,realizable,0,36,30,Mealy
Full_f1477cc5,Full,unknown,-1,36,30,Mealy
GF-G-contradiction0,GF-G-contradiction0,unknown,-1,8,2,Mealy
GF-G-contradiction1,GF-G-contradiction1,unknown,-1,9,2,Mealy
GF-G-contradiction2,GF-G-contradiction2,unknown,-1,10,2,Mealy
GF-G-contradiction3,GF-G-contradiction3,unknown,-1,16,2,Mealy
GF-G-contradiction4,GF-G-contradiction4,unknown,-1,16,2,Mealy
GF-G-contradiction5,GF-G-contradiction5,unknown,-1,17,2,Mealy
GF-G-contradiction6,GF-G-contradiction6,unknown,-1,20,2,Mealy
GF-G-contradiction7,GF-G-contradiction7,unknown,-1,20,2,Mealy
Gamelogic,Gamelogic,realizable,20,5,25,Mealy
GamemodeChooser,GamemodeChooser,realizable,24,9,11,Mealy
Gamemodule,Gamemodule,realizable,6,4,4,Mealy
HeatingMin_d6c5ac79,HeatingMin,realizable,0,2,3,Mealy
Heating_235467da,Heating,realizable,0,3,3,Mealy
Heating_974f4a68,Heating,realizable,0,4,3,Mealy
Heating_b02056d6,Heating,realizable,0,3,3,Mealy
Heating_b209ff21,Heating,realizable,0,3,3,Mealy
Increment,Increment,realizable,0,1,2,Mealy
IntendDemo_42dc4fff,IntendDemo,unrealizable,-1,14,17,Mealy
KitchenTimerV0,KitchenTimerV0,realizable,1,2,2,Mealy
KitchenTimerV1,KitchenTimerV1,realizable,1,2,6,Mealy
KitchenTimerV10,KitchenTimerV10,realizable,513,4,11,Mealy
KitchenTimerV2,KitchenTimerV2,realizable,1,4,6,Mealy
KitchenTimerV3,KitchenTimerV3,realizable,1,4,6,Mealy
KitchenTimerV4,KitchenTimerV4,realizable,1,4,6,Mealy
KitchenTimerV5,KitchenTimerV5,realizable,508,4,6,Mealy
KitchenTimerV6,KitchenTimerV6,realizable,484,4,6,Mealy
KitchenTimerV7,KitchenTimerV7,realizable,484,4,8,Mealy
KitchenTimerV8,KitchenTimerV8,realizable,484,4,11,Mealy
KitchenTimerV9,KitchenTimerV9,realizable,625,4,11,Mealy
LampController_974f4a68,LampController,realizable,0,5,3,Mealy
LedMatrix,LedMatrix,realizable,73,3,27,Mealy
Light_a50cadd7,Light,unrealizable,-1,2,4,Mealy
Light_aeb1d897,Light,unrealizable,-1,5,4,Mealy
Light_d65ed84e,Light,realizable,0,5,4,Mealy
Lights2Min_9cbf2546,Lights2Min,realizable,0,6,6,Mealy
Lights2_06e9cad4,Lights2,realizable,56,9,8,Mealy
Lights2_0f5381e9,Lights2,realizable,51,8,8,Mealy
Lights2_2c5b09da,Lights2,realizable,0,10,8,Mealy
Lights2_9cac58d3,Lights2,realizable,53,7,8,Mealy
Lights2_b02056d6,Lights2,realizable,53,7,8,Mealy
Lights2_f1477cc5,Lights2,unrealizable,-1,8,8,Mealy
Lights2_f3987563,Lights2,realizable,56,7,8,Mealy
Lights3Min_6479ef9a,Lights3Min,realizable,0,5,4,Mealy
Lights3_06e9cad4,Lights3,realizable,0,9,4,Mealy
Lights3_235467da,Lights3,realizable,0,7,4,Mealy
Lights3_2c5b09da,Lights3,realizable,0,10,4,Mealy
Lights3_3916ec59,Lights3,realizable,0,8,4,Mealy
Lights3_6bea956e,Lights3,realizable,0,7,4,Mealy
Lights3_f1477cc5,Lights3,realizable,0,7,4,Mealy
LightsMin_6bea956e,LightsMin,realizable,12,3,4,Mealy
LightsTotal_06e9cad4,LightsTotal,realizable,267,10,8,Mealy
LightsTotal_2c5b09da,LightsTotal,unrealizable,-1,11,8,Mealy
LightsTotal_9cbf2546,LightsTotal,realizable,267,8,8,Mealy
LightsTotal_d65ed84e,LightsTotal,realizable,255,9,8,Mealy
Lights_06e9cad4,Lights,realizable,49,8,4,Mealy
Lights_2c5b09da,Lights,realizable,12,9,4,Mealy
Lights_3461125b,Lights,realizable,37,6,4,Mealy
Lights_9cac58d3,Lights,realizable,37,6,4,Mealy
Lights_b0840146,Lights,realizable,47,7,4,Mealy
Lights_f3987563,Lights,realizable,54,6,4,Mealy
ModdifiedLedMatrix4X,ModdifiedLedMatrix4X,unrealizable,-1,3,25,Mealy
ModdifiedLedMatrix5X,ModdifiedLedMatrix5X,realizable,27,3,25,Mealy
Morning2Min_6cbc6174,Morning2Min,realizable,0,12,3,Mealy
Morning2_06e9cad4,Morning2,unknown,-1,23,10,Mealy
Morning2_1cf58fc1,Morning2,unrealizable,-1,18,10,Mealy
Morning2_2c5b09da,Morning2,unknown,-1,24,10,Mealy
Morning2_407db2cc,Morning2,unknown,-1,18,10,Mealy
Morning2_4d4ca5c4,Morning2,realizable,0,16,10,Mealy
Morning2_63831f8c,Morning2,unknown,-1,21,10,Mealy
Morning2_68c86764,Morning2,unknown,-1,18,10,Mealy
Morning2_9cac58d3,Morning2,realizable,0,16,10,Mealy
Morning2_d65ed84e,Morning2,unknown,-1,22,10,Mealy
Morning2s_06cf2373,Morning2s,unknown,-1,21,10,Mealy
Morning2s_06e9cad4,Morning2s,unknown,-1,23,10,Mealy
Morning2s_2c5b09da,Morning2s,unknown,-1,24,10,Mealy
Morning2s_42dc4fff,Morning2s,unknown,-1,22,10,Mealy
Morning2s_9cbf2546,Morning2s,unknown,-1,18,10,Mealy
Morning2s_d6c5ac79,Morning2s,unknown,-1,22,10,Mealy
MorningMin_d6c5ac79,MorningMin,realizable,13,9,13,Mealy
Morning_14a3b3a2,Morning,unrealizable,-1,17,15,Mealy
Morning_4b5e6eaa,Morning,unrealizable,-1,14,15,Mealy
Morning_88c5c1c3,Morning,realizable,0,12,15,Mealy
Morning_9cac58d3,Morning,realizable,0,12,15,Mealy
Morning_c92eb242,Morning,unrealizable,-1,14,15,Mealy
Morning_f1477cc5,Morning,unrealizable,-1,13,15,Mealy
Morning_f2774e0b,Morning,unrealizable,-1,13,15,Mealy
MusicAppFeedback,MusicAppFeedback,realizable,19,5,3,Mealy
MusicAppMotivating,MusicAppMotivating,realizable,44,5,3,Mealy
MusicAppSimple,MusicAppSimple,realizable,8,4,3,Mealy
OneCounter,OneCounter,realizable,16,9,9,Mealy
OneCounterGui,OneCounterGui,unrealizable,-1,9,9,Mealy
OneCounterGuiA1,OneCounterGuiA1,unrealizable,-1,9,9,Mealy
OneCounterGuiA2,OneCounterGuiA2,unrealizable,-1,9,9,Mealy
OneCounterGuiA3,OneCounterGuiA3,unrealizable,-1,9,9,Mealy
OneCounterGuiA4,OneCounterGuiA4,unrealizable,-1,9,9,Mealy
OneCounterGuiA5,OneCounterGuiA5,unrealizable,-1,9,9,Mealy
OneCounterGuiA6,OneCounterGuiA6,unrealizable,-1,9,9,Mealy
OneCounterGuiA7,OneCounterGuiA7,unrealizable,-1,9,9,Mealy
OneCounterGuiA8,OneCounterGuiA8,unrealizable,-1,9,9,Mealy
OneCounterInRange,OneCounterInRange,unrealizable,-1,5,3,Mealy
OneCounterInRangeA1,OneCounterInRangeA1,unrealizable,-1,5,3,Mealy
OneCounterInRangeA2,OneCounterInRangeA2,unrealizable,-1,5,3,Mealy
OneCounterInRangeA3,OneCounterInRangeA3,realizable,7,5,3,Mealy
PlugController_fa4d4ce3,PlugController,realizable,0,4,3,Mealy
Radarboard,Radarboard,realizable,6,5,24,Mealy
RegManager,RegManager,realizable,0,2,8,Mealy
Room_a50cadd7,Room,unrealizable,-1,4,0,Mealy
RotationCalculator,RotationCalculator,realizable,14,6,8,Mealy
SPI,SPI,realizable,41,4,16,Mealy
SPIPureNext,SPIPureNext,unknown,-1,1,27,Mealy
SPIReadClk,SPIReadClk,realizable,2,3,3,Mealy
SPIReadManag,SPIReadManag,realizable,19,8,16,Mealy
SPIReadSdi,SPIReadSdi,realizable,1,4,3,Mealy
SPIWriteClk,SPIWriteClk,realizable,4,5,3,Mealy
SPIWriteManag,SPIWriteManag,realizable,7,5,15,Mealy
SPIWriteSdi,SPIWriteSdi,realizable,8,6,4,Mealy
Scoreboard,Scoreboard,realizable,4,5,12,Mealy
Sensor,Sensor,realizable,26,4,6,Mealy
SensorInit,SensorInit,realizable,33,2,17,Mealy
SensorPart,SensorPart,realizable,30,2,21,Mealy
SensorRegister,SensorRegister,realizable,0,1,2,Mealy
SensorSelector,SensorSelector,realizable,4,4,25,Mealy
SensorSubmodulChooser,SensorSubmodulChooser,realizable,21,4,15,Mealy
Shades2Min_63831f8c,Shades2Min,realizable,0,3,2,Mealy
Shades2_235467da,Shades2,realizable,0,4,3,Mealy
Shades2_42dc4fff,Shades2,realizable,0,4,3,Mealy
Shades2_70523fbe,Shades2,realizable,0,4,3,Mealy
Shades2_a5f99bc6,Shades2,realizable,0,4,3,Mealy
ShadesMin_aeb1d897,ShadesMin,realizable,0,2,2,Mealy
Shades_6479ef9a,Shades,realizable,0,3,3,Mealy
Shades_974f4a68,Shades,realizable,0,4,3,Mealy
Shades_9cac58d3,Shades,realizable,0,3,3,Mealy
Shades_a02758ea,Shades,realizable,0,3,3,Mealy
SingleContoller_d65ed84e,SingleContoller,unrealizable,-1,12,6,Mealy
SliderDefault,SliderDefault,realizable,6,2,3,Mealy
SliderDelayed,SliderDelayed,realizable,21,4,9,Mealy
SliderScored,SliderScored,realizable,20,4,9,Mealy
System_b0840146,System,unrealizable,-1,3,5,Mealy
Time_a50cadd7,Time,unrealizable,-1,4,0,Mealy
Timer_a50cadd7,Timer,realizable,0,1,4,Mealy
TorcsAccelerating,TorcsAccelerating,realizable,0,2,6,Mealy
TorcsGearing,TorcsGearing,realizable,3,1,3,Mealy
TorcsSimple,TorcsSimple,realizable,4,3,8,Mealy
TorcsSteeringImproved,TorcsSteeringImproved,realizable,8,4,8,Mealy
TorcsSteeringSimple,TorcsSteeringSimple,realizable,7,4,3,Mealy
TorcsSteeringSmart,TorcsSteeringSmart,realizable,30,4,6,Mealy
TwoCounters,TwoCounters,unrealizable,-1,6,8,Mealy
TwoCounters2,TwoCounters2,unrealizable,-1,11,8,Mealy
TwoCounters3,TwoCounters3,realizable,0,11,8,Mealy
TwoCounters4,TwoCounters4,realizable,14,11,8,Mealy
TwoCounters5,TwoCounters5,unrealizable,-1,19,13,Mealy
TwoCountersDisButA0,TwoCountersDisButA0,unrealizable,-1,11,13,Mealy
TwoCountersDisButA1,TwoCountersDisButA1,unrealizable,-1,11,13,Mealy
TwoCountersDisButA2,TwoCountersDisButA2,unrealizable,-1,11,13,Mealy
TwoCountersDisButA3,TwoCountersDisButA3,unrealizable,-1,11,13,Mealy
TwoCountersDisButA4,TwoCountersDisButA4,unrealizable,-1,12,13,Mealy
TwoCountersDisButA5,TwoCountersDisButA5,unrealizable,-1,12,13,Mealy
TwoCountersDisButA6,TwoCountersDisButA6,unrealizable,-1,13,13,Mealy
TwoCountersDisButA7,TwoCountersDisButA7,unrealizable,-1,13,13,Mealy
TwoCountersDisButA8,TwoCountersDisButA8,unrealizable,-1,14,13,Mealy
TwoCountersDisButA9,TwoCountersDisButA9,unrealizable,-1,14,13,Mealy
TwoCountersDisButAC,TwoCountersDisButAC,unrealizable,-1,15,13,Mealy
TwoCountersGui,TwoCountersGui,unrealizable,-1,19,14,Mealy
TwoCountersInRange,TwoCountersInRange,unrealizable,-1,11,8,Mealy
TwoCountersInRangeA1,TwoCountersInRangeA1,unrealizable,-1,11,8,Mealy
TwoCountersInRangeA2,TwoCountersInRangeA2,unrealizable,-1,11,8,Mealy
TwoCountersInRangeA3,TwoCountersInRangeA3,unrealizable,-1,11,8,Mealy
TwoCountersInRangeA4,TwoCountersInRangeA4,unrealizable,-1,11,8,Mealy
TwoCountersInRangeA5,TwoCountersInRangeA5,unrealizable,-1,11,8,Mealy
TwoCountersInRangeM0,TwoCountersInRangeM0,unrealizable,-1,11,8,Mealy
TwoCountersInRangeM1,TwoCountersInRangeM1,unrealizable,-1,11,8,Mealy
TwoCountersInRangeM2,TwoCountersInRangeM2,unrealizable,-1,11,8,Mealy
TwoCountersInRangeM3,TwoCountersInRangeM3,unrealizable,-1,11,8,Mealy
TwoCountersInRangeM4,TwoCountersInRangeM4,unrealizable,-1,11,8,Mealy
TwoCountersRefined,TwoCountersRefined,unrealizable,-1,6,8,Mealy
TwoCountersRefinedRefined,TwoCountersRefinedRefined,realizable,16,6,8,Mealy
UnderapproxDemo2,UnderapproxDemo2,unrealizable,-1,2,2,Mealy
UnderapproxStrengthenedDemo,UnderapproxStrengthenedDemo,realizable,0,1,0,Mealy
Warnlight_2d1010f8,Warnlight,realizable,0,4,3,Mealy
Warnlight_a50cadd7,Warnlight,unrealizable,-1,2,3,Mealy
Window2Min_88c5c1c3,Window2Min,realizable,0,6,5,Mealy
Window2_54e1f7d2,Window2,realizable,0,9,11,Mealy
Window2_6479ef9a,Window2,realizable,0,7,7,Mealy
Window2_9cac58d3,Window2,realizable,0,9,11,Mealy
Window2_aeb1d897,Window2,realizable,0,7,7,Mealy
Window2_f1477cc5,Window2,unrealizable,-1,8,7,Mealy
WindowMin_a5f99bc6,WindowMin,realizable,0,4,5,Mealy
Window_235467da,Window,realizable,0,5,5,Mealy
Window_42dc4fff,Window,realizable,0,5,5,Mealy
Window_54e1f7d2,Window,realizable,0,5,5,Mealy
Zoo0,Zoo0,realizable,6,3,9,Mealy
Zoo10,Zoo10,realizable,5,3,8,Mealy
Zoo5,Zoo5,realizable,6,3,8,Mealy
abcg_arbiter_pb_10_pe_,abcg_arbiter,unknown,-1,10,40,Mealy
abcg_arbiter_pb_1_pe_,abcg_arbiter,unknown,-1,1,4,Mealy
abcg_arbiter_pb_2_pe_,abcg_arbiter,unknown,-1,2,8,Mealy
abcg_arbiter_pb_3_pe_,abcg_arbiter,unknown,-1,3,12,Mealy
abcg_arbiter_pb_4_pe_,abcg_arbiter,unknown,-1,4,16,Mealy
abcg_arbiter_pb_5_pe_,abcg_arbiter,unknown,-1,5,20,Mealy
abcg_arbiter_pb_6_pe_,abcg_arbiter,unknown,-1,6,24,Mealy
abcg_arbiter_pb_7_pe_,abcg_arbiter,unknown,-1,7,28,Mealy
abcg_arbiter_pb_8_pe_,abcg_arbiter,unknown,-1,8,32,Mealy
abcg_arbiter_pb_9_pe_,abcg_arbiter,unknown,-1,9,36,Mealy
amba_case_study_pb_2_pe_,amba_case_study,unknown,-1,7,8,Mealy
amba_case_study_pb_3_pe_,amba_case_study,unknown,-1,9,10,Mealy
amba_case_study_pb_4_pe_,amba_case_study,unknown,-1,11,11,Mealy
amba_case_study_pb_5_pe_,amba_case_study,unknown,-1,13,13,Mealy
amba_case_study_pb_6_pe_,amba_case_study,unknown,-1,15,14,Mealy
amba_case_study_unreal_pb_2_pe_,amba_case_study_unreal,unknown,-1,7,8,Mealy
amba_case_study_unreal_pb_3_pe_,amba_case_study_unreal,unknown,-1,9,10,Mealy
amba_case_study_unreal_pb_4_pe_,amba_case_study_unreal,unknown,-1,11,11,Mealy
amba_case_study_unreal_pb_5_pe_,amba_case_study_unreal,unknown,-1,13,13,Mealy
amba_decomposed_arbiter_pb_10_pe_,amba_decomposed_arbiter,unknown,-1,11,12,Mealy
amba_decomposed_arbiter_pb_11_pe_,amba_decomposed_arbiter,unknown,-1,12,13,Mealy
amba_decomposed_arbiter_pb_12_pe_,amba_decomposed_arbiter,unknown,-1,13,14,Mealy
amba_decomposed_arbiter_pb_13_pe_,amba_decomposed_arbiter,unknown,-1,14,15,Mealy
amba_decomposed_arbiter_pb_14_pe_,amba_decomposed_arbiter,unknown,-1,15,16,Mealy
amba_decomposed_arbiter_pb_15_pe_,amba_decomposed_arbiter,unknown,-1,16,17,Mealy
amba_decomposed_arbiter_pb_16_pe_,amba_decomposed_arbiter,unknown,-1,17,18,Mealy
amba_decomposed_arbiter_pb_2_pe_,amba_decomposed_arbiter,unknown,-1,3,4,Mealy
amba_decomposed_arbiter_pb_3_pe_,amba_decomposed_arbiter,unknown,-1,4,5,Mealy
amba_decomposed_arbiter_pb_4_pe_,amba_decomposed_arbiter,unknown,-1,5,6,Mealy
amba_decomposed_arbiter_pb_5_pe_,amba_decomposed_arbiter,unknown,-1,6,7,Mealy
amba_decomposed_arbiter_pb_6_pe_,amba_decomposed_arbiter,unknown,-1,7,8,Mealy
amba_decomposed_arbiter_pb_7_pe_,amba_decomposed_arbiter,unknown,-1,8,9,Mealy
amba_decomposed_arbiter_pb_8_pe_,amba_decomposed_arbiter,unknown,-1,9,10,Mealy
amba_decomposed_arbiter_pb_9_pe_,amba_decomposed_arbiter,unknown,-1,10,11,Mealy
amba_decomposed_decode,amba_decomposed_decode,realizable,2,2,3,Mealy
amba_decomposed_encode_pb_10_pe_,amba_decomposed_encode,unknown,-1,11,4,Mealy
amba_decomposed_encode_pb_11_pe_,amba_decomposed_encode,unknown,-1,12,4,Mealy
amba_decomposed_encode_pb_12_pe_,amba_decomposed_encode,unknown,-1,13,4,Mealy
amba_decomposed_encode_pb_13_pe_,amba_decomposed_encode,unknown,-1,14,4,Mealy
amba_decomposed_encode_pb_14_pe_,amba_decomposed_encode,unknown,-1,15,4,Mealy
amba_decomposed_encode_pb_15_pe_,amba_decomposed_encode,unknown,-1,16,4,Mealy
amba_decomposed_encode_pb_16_pe_,amba_decomposed_encode,unknown,-1,17,4,Mealy
amba_decomposed_encode_pb_20_pe_,amba_decomposed_encode,unknown,-1,21,5,Mealy
amba_decomposed_encode_pb_25_pe_,amba_decomposed_encode,unknown,-1,26,5,Mealy
amba_decomposed_encode_pb_28_pe_,amba_decomposed_encode,unknown,-1,29,5,Mealy
amba_decomposed_encode_pb_2_pe_,amba_decomposed_encode,unknown,-1,3,1,Mealy
amba_decomposed_encode_pb_3_pe_,amba_decomposed_encode,unknown,-1,4,2,Mealy
amba_decomposed_encode_pb_4_pe_,amba_decomposed_encode,unknown,-1,5,2,Mealy
amba_decomposed_encode_pb_5_pe_,amba_decomposed_encode,unknown,-1,6,3,Mealy
amba_decomposed_encode_pb_6_pe_,amba_decomposed_encode,unknown,-1,7,3,Mealy
amba_decomposed_encode_pb_7_pe_,amba_decomposed_encode,unknown,-1,8,3,Mealy
amba_decomposed_encode_pb_8_pe_,amba_decomposed_encode,unknown,-1,9,3,Mealy
amba_decomposed_encode_pb_9_pe_,amba_decomposed_encode,unknown,-1,10,4,Mealy
amba_decomposed_lock_pb_100_pe_,amba_decomposed_lock,unknown,0,201,1,Mealy
amba_decomposed_lock_pb_10_pe_,amba_decomposed_lock,unknown,0,21,1,Mealy
amba_decomposed_lock_pb_11_pe_,amba_decomposed_lock,unknown,0,23,1,Mealy
amba_decomposed_lock_pb_120_pe_,amba_decomposed_lock,unknown,0,241,1,Mealy
amba_decomposed_lock_pb_12_pe_,amba_decomposed_lock,unknown,0,25,1,Mealy
amba_decomposed_lock_pb_13_pe_,amba_decomposed_lock,unknown,0,27,1,Mealy
amba_decomposed_lock_pb_14_pe_,amba_decomposed_lock,unknown,0,29,1,Mealy
amba_decomposed_lock_pb_150_pe_,amba_decomposed_lock,unknown,0,301,1,Mealy
amba_decomposed_lock_pb_15_pe_,amba_decomposed_lock,unknown,0,31,1,Mealy
amba_decomposed_lock_pb_16_pe_,amba_decomposed_lock,unknown,0,33,1,Mealy
amba_decomposed_lock_pb_200_pe_,amba_decomposed_lock,unknown,0,401,1,Mealy
amba_decomposed_lock_pb_2_pe_,amba_decomposed_lock,unknown,0,5,1,Mealy
amba_decomposed_lock_pb_30_pe_,amba_decomposed_lock,unknown,0,61,1,Mealy
amba_decomposed_lock_pb_3_pe_,amba_decomposed_lock,unknown,0,7,1,Mealy
amba_decomposed_lock_pb_4_pe_,amba_decomposed_lock,unknown,0,9,1,Mealy
amba_decomposed_lock_pb_5_pe_,amba_decomposed_lock,unknown,0,11,1,Mealy
amba_decomposed_lock_pb_60_pe_,amba_decomposed_lock,unknown,0,121,1,Mealy
amba_decomposed_lock_pb_6_pe_,amba_decomposed_lock,unknown,0,13,1,Mealy
amba_decomposed_lock_pb_7_pe_,amba_decomposed_lock,unknown,0,15,1,Mealy
amba_decomposed_lock_pb_8_pe_,amba_decomposed_lock,unknown,0,17,1,Mealy
amba_decomposed_lock_pb_9_pe_,amba_decomposed_lock,unknown,0,19,1,Mealy
amba_decomposed_shift,amba_decomposed_shift,realizable,4,2,1,Mealy
amba_decomposed_tburst4,amba_decomposed_tburst4,realizable,34,4,1,Mealy
amba_decomposed_tincr,amba_decomposed_tincr,realizable,14,5,1,Mealy
amba_decomposed_tsingle,amba_decomposed_tsingle,realizable,12,4,1,Mealy
amba_gr+_pb_10_pe_,amba_gr+,unknown,-1,23,35,"Strict,Mealy"
amba_gr+_pb_11_pe_,amba_gr+,unknown,-1,25,37,"Strict,Mealy"
amba_gr+_pb_12_pe_,amba_gr+,unknown,-1,27,39,"Strict,Mealy"
amba_gr+_pb_2_pe_,amba_gr+,unknown,-1,7,16,"Strict,Mealy"
amba_gr+_pb_3_pe_,amba_gr+,unknown,-1,9,19,"Strict,Mealy"
amba_gr+_pb_4_pe_,amba_gr+,unknown,-1,11,21,"Strict,Mealy"
amba_gr+_pb_5_pe_,amba_gr+,unknown,-1,13,24,"Strict,Mealy"
amba_gr+_pb_6_pe_,amba_gr+,unknown,-1,15,26,"Strict,Mealy"
amba_gr+_pb_7_pe_,amba_gr+,unknown,-1,17,28,"Strict,Mealy"
amba_gr+_pb_8_pe_,amba_gr+,unknown,-1,19,30,"Strict,Mealy"
amba_gr+_pb_9_pe_,amba_gr+,unknown,-1,21,33,"Strict,Mealy"
amba_gr_pb_10_pe_,amba_gr,unknown,-1,23,34,"Strict,Mealy"
amba_gr_pb_11_pe_,amba_gr,unknown,-1,25,36,"Strict,Mealy"
amba_gr_pb_12_pe_,amba_gr,unknown,-1,27,38,"Strict,Mealy"
amba_gr_pb_2_pe_,amba_gr,unknown,-1,7,15,"Strict,Mealy"
amba_gr_pb_3_pe_,amba_gr,unknown,-1,9,18,"Strict,Mealy"
amba_gr_pb_4_pe_,amba_gr,unknown,-1,11,20,"Strict,Mealy"
amba_gr_pb_5_pe_,amba_gr,unknown,-1,13,23,"Strict,Mealy"
amba_gr_pb_6_pe_,amba_gr,unknown,-1,15,25,"Strict,Mealy"
amba_gr_pb_7_pe_,amba_gr,unknown,-1,17,27,"Strict,Mealy"
amba_gr_pb_8_pe_,amba_gr,unknown,-1,19,29,"Strict,Mealy"
amba_gr_pb_9_pe_,amba_gr,unknown,-1,21,32,"Strict,Mealy"
arbiter-paper-unreal-unreal,arbiter-paper-unreal-unreal,unknown,-1,9,3,Mealy
arbiter-with-failure-real,arbiter-with-failure-real,unknown,-1,7,2,Mealy
arbiter_on_inpchange_pb_10_pe_,arbiter_on_inpchange,unknown,-1,10,10,Mealy
arbiter_on_inpchange_pb_1_pe_,arbiter_on_inpchange,unknown,-1,1,1,Mealy
arbiter_on_inpchange_pb_2_pe_,arbiter_on_inpchange,unknown,-1,2,2,Mealy
arbiter_on_inpchange_pb_3_pe_,arbiter_on_inpchange,unknown,-1,3,3,Mealy
arbiter_on_inpchange_pb_4_pe_,arbiter_on_inpchange,unknown,-1,4,4,Mealy
arbiter_on_inpchange_pb_5_pe_,arbiter_on_inpchange,unknown,-1,5,5,Mealy
arbiter_on_inpchange_pb_6_pe_,arbiter_on_inpchange,unknown,-1,6,6,Mealy
arbiter_on_inpchange_pb_7_pe_,arbiter_on_inpchange,unknown,-1,7,7,Mealy
arbiter_on_inpchange_pb_8_pe_,arbiter_on_inpchange,unknown,-1,8,8,Mealy
arbiter_on_inpchange_pb_9_pe_,arbiter_on_inpchange,unknown,-1,9,9,Mealy
arbiter_pb_10_pe_,arbiter,unknown,-1,10,10,Mealy
arbiter_pb_1_pe_,arbiter,unknown,-1,1,1,Mealy
arbiter_pb_2_pe_,arbiter,unknown,-1,2,2,Mealy
arbiter_pb_3_pe_,arbiter,unknown,-1,3,3,Mealy
arbiter_pb_4_pe_,arbiter,unknown,-1,4,4,Mealy
arbiter_pb_5_pe_,arbiter,unknown,-1,5,5,Mealy
arbiter_pb_6_pe_,arbiter,unknown,-1,6,6,Mealy
arbiter_pb_7_pe_,arbiter,unknown,-1,7,7,Mealy
arbiter_pb_8_pe_,arbiter,unknown,-1,8,8,Mealy
arbiter_pb_9_pe_,arbiter,unknown,-1,9,9,Mealy
arbiter_with_buffer_pb_10_pe_,arbiter_with_buffer,unknown,-1,20,20,Mealy
arbiter_with_buffer_pb_1_pe_,arbiter_with_buffer,unknown,-1,2,2,Mealy
arbiter_with_buffer_pb_2_pe_,arbiter_with_buffer,unknown,-1,4,4,Mealy
arbiter_with_buffer_pb_3_pe_,arbiter_with_buffer,unknown,-1,6,6,Mealy
arbiter_with_buffer_pb_4_pe_,arbiter_with_buffer,unknown,-1,8,8,Mealy
arbiter_with_buffer_pb_5_pe_,arbiter_with_buffer,unknown,-1,10,10,Mealy
arbiter_with_buffer_pb_6_pe_,arbiter_with_buffer,unknown,-1,12,12,Mealy
arbiter_with_buffer_pb_7_pe_,arbiter_with_buffer,unknown,-1,14,14,Mealy
arbiter_with_buffer_pb_8_pe_,arbiter_with_buffer,unknown,-1,16,16,Mealy
arbiter_with_buffer_pb_9_pe_,arbiter_with_buffer,unknown,-1,18,18,Mealy
arbiter_with_cancel_pb_10_pe_,arbiter_with_cancel,unknown,-1,20,10,Mealy
arbiter_with_cancel_pb_1_pe_,arbiter_with_cancel,unknown,-1,2,1,Mealy
arbiter_with_cancel_pb_2_pe_,arbiter_with_cancel,unknown,-1,4,2,Mealy
arbiter_with_cancel_pb_3_pe_,arbiter_with_cancel,unknown,-1,6,3,Mealy
arbiter_with_cancel_pb_4_pe_,arbiter_with_cancel,unknown,-1,8,4,Mealy
arbiter_with_cancel_pb_5_pe_,arbiter_with_cancel,unknown,-1,10,5,Mealy
arbiter_with_cancel_pb_6_pe_,arbiter_with_cancel,unknown,-1,12,6,Mealy
arbiter_with_cancel_pb_7_pe_,arbiter_with_cancel,unknown,-1,14,7,Mealy
arbiter_with_cancel_pb_8_pe_,arbiter_with_cancel,unknown,-1,16,8,Mealy
arbiter_with_cancel_pb_9_pe_,arbiter_with_cancel,unknown,-1,18,9,Mealy
batch-arbiter-real,batch-arbiter-real,unknown,-1,8,3,Mealy
box-limited-real,box-limited-real,unknown,-1,7,2,Mealy
box-real,box-real,unknown,-1,10,4,Mealy
box0,box0,unknown,-1,9,4,Mealy
box1,box1,unknown,-1,9,4,Mealy
buffer-storage-real,buffer-storage-real,unknown,-1,12,1,Mealy
chain-4-real,chain-4-real,unknown,-1,24,2,Mealy
chain-5-real,chain-5-real,unknown,-1,29,2,Mealy
chain-60,chain,unknown,-1,33,2,Mealy
chain-70,chain,unknown,-1,37,2,Mealy
chain-simple-10-real,chain-simple-10-real,unknown,-1,13,2,Mealy
chain-simple-20-real,chain-simple-20-real,unknown,-1,14,2,Mealy
chain-simple-30-real,chain-simple-30-real,unknown,-1,15,2,Mealy
chain-simple-40-real,chain-simple-40-real,unknown,-1,15,2,Mealy
chain-simple-5-real,chain-simple-5-real,unknown,-1,13,2,Mealy
chain-simple-50-real,chain-simple-50-real,unknown,-1,15,2,Mealy
chain-simple-60-real,chain-simple-60-real,unknown,-1,15,2,Mealy
chain-simple-70-real,chain-simple-70-real,unknown,-1,16,2,Mealy
chain-simple-param-70-real,chain-simple-param-70-real,unknown,-1,16,2,Mealy
chomp_pb_2_2_pe_,chomp,unknown,-1,4,10,Mealy
chomp_pb_2_3_pe_,chomp,unknown,-1,5,13,Mealy
chomp_pb_2_4_pe_,chomp,unknown,-1,6,16,Mealy
chomp_pb_2_5_pe_,chomp,unknown,-1,7,19,Mealy
chomp_pb_2_6_pe_,chomp,unknown,-1,8,22,Mealy
chomp_pb_3_2_pe_,chomp,unknown,-1,5,13,Mealy
chomp_pb_3_3_pe_,chomp,unknown,-1,6,17,Mealy
chomp_pb_3_4_pe_,chomp,unknown,-1,7,21,Mealy
chomp_pb_3_5_pe_,chomp,unknown,-1,8,25,Mealy
chomp_pb_3_6_pe_,chomp,unknown,-1,9,29,Mealy
chomp_pb_4_2_pe_,chomp,unknown,-1,6,16,Mealy
chomp_pb_4_3_pe_,chomp,unknown,-1,7,21,Mealy
chomp_pb_4_4_pe_,chomp,unknown,-1,8,26,Mealy
chomp_pb_4_5_pe_,chomp,unknown,-1,9,31,Mealy
chomp_pb_4_6_pe_,chomp,unknown,-1,10,36,Mealy
collector_v1_pb_11_pe_,collector_v1,unknown,-1,11,1,Mealy
collector_v1_pb_12_pe_,collector_v1,unknown,-1,12,1,Mealy
collector_v1_pb_13_pe_,collector_v1,unknown,-1,13,1,Mealy
collector_v1_pb_14_pe_,collector_v1,unknown,-1,14,1,Mealy
collector_v1_pb_15_pe_,collector_v1,unknown,-1,15,1,Mealy
collector_v1_pb_27_pe_,collector_v1,unknown,-1,27,1,Mealy
collector_v1_pb_3_pe_,collector_v1,unknown,-1,3,1,Mealy
collector_v1_pb_5_pe_,collector_v1,unknown,-1,5,1,Mealy
collector_v1_pb_7_pe_,collector_v1,unknown,-1,7,1,Mealy
collector_v1_pb_9_pe_,collector_v1,unknown,-1,9,1,Mealy
collector_v2_pb_10_pe_,collector_v2,unknown,-1,10,1,Mealy
collector_v2_pb_11_pe_,collector_v2,unknown,-1,11,1,Mealy
collector_v2_pb_12_pe_,collector_v2,unknown,-1,12,1,Mealy
collector_v2_pb_13_pe_,collector_v2,unknown,-1,13,1,Mealy
collector_v2_pb_15_pe_,collector_v2,unknown,-1,15,1,Mealy
collector_v2_pb_27_pe_,collector_v2,unknown,-1,27,1,Mealy
collector_v2_pb_3_pe_,collector_v2,unknown,-1,3,1,Mealy
collector_v2_pb_5_pe_,collector_v2,unknown,-1,5,1,Mealy
collector_v2_pb_7_pe_,collector_v2,unknown,-1,7,1,Mealy
collector_v2_pb_9_pe_,collector_v2,unknown,-1,9,1,Mealy
collector_v3_pb_10_pe_,collector_v3,unknown,-1,10,1,Mealy
collector_v3_pb_11_pe_,collector_v3,unknown,-1,11,1,Mealy
collector_v3_pb_12_pe_,collector_v3,unknown,-1,12,1,Mealy
collector_v3_pb_13_pe_,collector_v3,unknown,-1,13,1,Mealy
collector_v3_pb_15_pe_,collector_v3,unknown,-1,15,1,Mealy
collector_v3_pb_27_pe_,collector_v3,unknown,-1,27,1,Mealy
collector_v3_pb_3_pe_,collector_v3,unknown,-1,3,1,Mealy
collector_v3_pb_5_pe_,collector_v3,unknown,-1,5,1,Mealy
collector_v3_pb_7_pe_,collector_v3,unknown,-1,7,1,Mealy
collector_v3_pb_9_pe_,collector_v3,unknown,-1,9,1,Mealy
diagonal-real,diagonal-real,unknown,-1,7,2,Mealy
door_locking_problem_d6c5ac79,door_locking_problem,realizable,11,6,3,Mealy
elevator-paper-real,elevator-paper-real,unknown,-1,7,3,Mealy
evasion-real,evasion-real,unknown,-1,13,4,Mealy
evasion0,evasion0,unknown,-1,13,4,Mealy
example10_pb_1_pe_,example10,unknown,-1,1,1,Mealy
example10_pb_2_pe_,example10,unknown,-1,1,1,Mealy
example10a_pb_1_pe_,example10a,unknown,-1,1,1,Mealy
example10a_pb_2_pe_,example10a,unknown,-1,1,1,Mealy
example7_pb_1_pe_,example7,unknown,-1,1,1,Mealy
example7_pb_2_pe_,example7,unknown,-1,2,2,Mealy
example7a_pb_1_pe_,example7a,unknown,-1,1,1,Mealy
example7a_pb_2_pe_,example7a,unknown,-1,2,2,Mealy
example8_pb_1_pe_,example8,unknown,-1,1,1,Mealy
example8_pb_2_pe_,example8,unknown,-1,2,2,Mealy
example9_pb_1_pe_,example9,unknown,-1,1,1,Mealy
example9_pb_2_pe_,example9,unknown,-1,1,1,Mealy
f-real-real,f-real-real,unknown,-1,11,3,Mealy
f-unreal-unreal,f-unreal-unreal,unknown,-1,6,0,Mealy
finding_nemo_pb_1_pe_,finding_nemo,unknown,-1,2,5,Mealy
finding_nemo_pb_2_pe_,finding_nemo,unknown,-1,2,8,Mealy
finding_nemo_pb_3_pe_,finding_nemo,unknown,-1,2,11,Mealy
finding_nemo_pb_4_pe_,finding_nemo,unknown,-1,2,14,Mealy
finding_nemo_pb_5_pe_,finding_nemo,unknown,-1,2,17,Mealy
finding_nemo_pb_6_pe_,finding_nemo,unknown,-1,2,20,Mealy
finding_nemo_pb_7_pe_,finding_nemo,unknown,-1,2,23,Mealy
follow0,follow0,unknown,-1,21,4,Mealy
follow1,follow1,unknown,-1,21,4,Mealy
follow2,follow2,unknown,-1,22,4,Mealy
follow3,follow3,unknown,-1,23,4,Mealy
full_arbiter_enc_pb_10_pe_,full_arbiter_enc,unknown,-1,4,4,Mealy
full_arbiter_enc_pb_12_pe_,full_arbiter_enc,unknown,-1,4,4,Mealy
full_arbiter_enc_pb_8_pe_,full_arbiter_enc,unknown,-1,3,4,Mealy
full_arbiter_unreal1_pb_2_10_pe_,full_arbiter_unreal1,unknown,-1,2,2,Moore
full_arbiter_unreal1_pb_2_11_pe_,full_arbiter_unreal1,unknown,-1,2,2,Moore
full_arbiter_unreal1_pb_2_12_pe_,full_arbiter_unreal1,unknown,-1,2,2,Moore
full_arbiter_unreal1_pb_2_13_pe_,full_arbiter_unreal1,unknown,-1,2,2,Moore
full_arbiter_unreal1_pb_2_14_pe_,full_arbiter_unreal1,unknown,-1,2,2,Moore
full_arbiter_unreal1_pb_2_15_pe_,full_arbiter_unreal1,unknown,-1,2,2,Moore
full_arbiter_unreal1_pb_2_16_pe_,full_arbiter_unreal1,unknown,-1,2,2,Moore
full_arbiter_unreal1_pb_2_18_pe_,full_arbiter_unreal1,unknown,-1,2,2,Moore
full_arbiter_unreal1_pb_2_1_pe_,full_arbiter_unreal1,unknown,-1,2,2,Moore
full_arbiter_unreal1_pb_2_20_pe_,full_arbiter_unreal1,unknown,-1,2,2,Moore
full_arbiter_unreal1_pb_2_21_pe_,full_arbiter_unreal1,unknown,-1,2,2,Moore
full_arbiter_unreal1_pb_2_22_pe_,full_arbiter_unreal1,unknown,-1,2,2,Moore
full_arbiter_unreal1_pb_2_24_pe_,full_arbiter_unreal1,unknown,-1,2,2,Moore
full_arbiter_unreal1_pb_2_26_pe_,full_arbiter_unreal1,unknown,-1,2,2,Moore
full_arbiter_unreal1_pb_2_2_pe_,full_arbiter_unreal1,unknown,-1,2,2,Moore
full_arbiter_unreal1_pb_2_3_pe_,full_arbiter_unreal1,unknown,-1,2,2,Moore
full_arbiter_unreal1_pb_2_4_pe_,full_arbiter_unreal1,unknown,-1,2,2,Moore
full_arbiter_unreal1_pb_2_5_pe_,full_arbiter_unreal1,unknown,-1,2,2,Moore
full_arbiter_unreal1_pb_2_6_pe_,full_arbiter_unreal1,unknown,-1,2,2,Moore
full_arbiter_unreal1_pb_2_7_pe_,full_arbiter_unreal1,unknown,-1,2,2,Moore
full_arbiter_unreal1_pb_2_8_pe_,full_arbiter_unreal1,unknown,-1,2,2,Moore
full_arbiter_unreal1_pb_2_9_pe_,full_arbiter_unreal1,unknown,-1,2,2,Moore
full_arbiter_unreal1_pb_3_10_pe_,full_arbiter_unreal1,unknown,-1,3,3,Moore
full_arbiter_unreal1_pb_3_11_pe_,full_arbiter_unreal1,unknown,-1,3,3,Moore
full_arbiter_unreal1_pb_3_12_pe_,full_arbiter_unreal1,unknown,-1,3,3,Moore
full_arbiter_unreal1_pb_3_13_pe_,full_arbiter_unreal1,unknown,-1,3,3,Moore
full_arbiter_unreal1_pb_3_14_pe_,full_arbiter_unreal1,unknown,-1,3,3,Moore
full_arbiter_unreal1_pb_3_15_pe_,full_arbiter_unreal1,unknown,-1,3,3,Moore
full_arbiter_unreal1_pb_3_16_pe_,full_arbiter_unreal1,unknown,-1,3,3,Moore
full_arbiter_unreal1_pb_3_1_pe_,full_arbiter_unreal1,unknown,-1,3,3,Moore
full_arbiter_unreal1_pb_3_2_pe_,full_arbiter_unreal1,unknown,-1,3,3,Moore
full_arbiter_unreal1_pb_3_3_pe_,full_arbiter_unreal1,unknown,-1,3,3,Moore
full_arbiter_unreal1_pb_3_4_pe_,full_arbiter_unreal1,unknown,-1,3,3,Moore
full_arbiter_unreal1_pb_3_5_pe_,full_arbiter_unreal1,unknown,-1,3,3,Moore
full_arbiter_unreal1_pb_3_6_pe_,full_arbiter_unreal1,unknown,-1,3,3,Moore
full_arbiter_unreal1_pb_3_7_pe_,full_arbiter_unreal1,unknown,-1,3,3,Moore
full_arbiter_unreal1_pb_3_8_pe_,full_arbiter_unreal1,unknown,-1,3,3,Moore
full_arbiter_unreal1_pb_3_9_pe_,full_arbiter_unreal1,unknown,-1,3,3,Moore
full_arbiter_unreal1_pb_4_10_pe_,full_arbiter_unreal1,unknown,-1,4,4,Moore
full_arbiter_unreal1_pb_4_11_pe_,full_arbiter_unreal1,unknown,-1,4,4,Moore
full_arbiter_unreal1_pb_4_12_pe_,full_arbiter_unreal1,unknown,-1,4,4,Moore
full_arbiter_unreal1_pb_4_13_pe_,full_arbiter_unreal1,unknown,-1,4,4,Moore
full_arbiter_unreal1_pb_4_14_pe_,full_arbiter_unreal1,unknown,-1,4,4,Moore
full_arbiter_unreal1_pb_4_15_pe_,full_arbiter_unreal1,unknown,-1,4,4,Moore
full_arbiter_unreal1_pb_4_16_pe_,full_arbiter_unreal1,unknown,-1,4,4,Moore
full_arbiter_unreal1_pb_4_1_pe_,full_arbiter_unreal1,unknown,-1,4,4,Moore
full_arbiter_unreal1_pb_4_2_pe_,full_arbiter_unreal1,unknown,-1,4,4,Moore
full_arbiter_unreal1_pb_4_3_pe_,full_arbiter_unreal1,unknown,-1,4,4,Moore
full_arbiter_unreal1_pb_4_4_pe_,full_arbiter_unreal1,unknown,-1,4,4,Moore
full_arbiter_unreal1_pb_4_5_pe_,full_arbiter_unreal1,unknown,-1,4,4,Moore
full_arbiter_unreal1_pb_4_6_pe_,full_arbiter_unreal1,unknown,-1,4,4,Moore
full_arbiter_unreal1_pb_4_7_pe_,full_arbiter_unreal1,unknown,-1,4,4,Moore
full_arbiter_unreal1_pb_4_8_pe_,full_arbiter_unreal1,unknown,-1,4,4,Moore
full_arbiter_unreal1_pb_4_9_pe_,full_arbiter_unreal1,unknown,-1,4,4,Moore
full_arbiter_unreal1_pb_6_8_pe_,full_arbiter_unreal1,unknown,-1,6,6,Moore
full_arbiter_unreal2_pb_2_pe_,full_arbiter_unreal2,unknown,-1,2,2,Mealy
full_arbiter_unreal2_pb_3_pe_,full_arbiter_unreal2,unknown,-1,3,3,Mealy
full_arbiter_unreal2_pb_4_pe_,full_arbiter_unreal2,unknown,-1,4,4,Mealy
full_arbiter_unreal2_pb_5_pe_,full_arbiter_unreal2,unknown,-1,5,5,Mealy
full_arbiter_unreal2_pb_6_pe_,full_arbiter_unreal2,unknown,-1,6,6,Mealy
full_arbiter_unreal2_pb_7_pe_,full_arbiter_unreal2,unknown,-1,7,7,Mealy
full_arbiter_unreal2_pb_8_pe_,full_arbiter_unreal2,unknown,-1,8,8,Mealy
g-real-real,g-real-real,unknown,-1,16,2,Mealy
g-real0,g-real0,unknown,-1,13,2,Mealy
g-unreal-1-unreal,g-unreal-1-unreal,unknown,-1,11,2,Mealy
g-unreal-10,g-unreal,unknown,-1,6,2,Mealy
g-unreal-11,g-unreal,unknown,-1,7,2,Mealy
g-unreal-110,g-unreal,unknown,-1,10,2,Mealy
g-unreal-111,g-unreal,unknown,-1,10,2,Mealy
g-unreal-112,g-unreal,unknown,-1,10,2,Mealy
g-unreal-113,g-unreal,unknown,-1,10,2,Mealy
g-unreal-114,g-unreal,unknown,-1,10,2,Mealy
g-unreal-115,g-unreal,unknown,-1,10,2,Mealy
g-unreal-116,g-unreal,unknown,-1,11,2,Mealy
g-unreal-117,g-unreal,unknown,-1,11,2,Mealy
g-unreal-118,g-unreal,unknown,-1,11,2,Mealy
g-unreal-119,g-unreal,unknown,-1,11,2,Mealy
g-unreal-12,g-unreal,unknown,-1,8,2,Mealy
g-unreal-120,g-unreal,unknown,-1,11,2,Mealy
g-unreal-13,g-unreal,unknown,-1,8,2,Mealy
g-unreal-14,g-unreal,unknown,-1,9,2,Mealy
g-unreal-15,g-unreal,unknown,-1,9,2,Mealy
g-unreal-16,g-unreal,unknown,-1,9,2,Mealy
g-unreal-17,g-unreal,unknown,-1,9,2,Mealy
g-unreal-18,g-unreal,unknown,-1,10,2,Mealy
g-unreal-19,g-unreal,unknown,-1,10,2,Mealy
g-unreal-20,g-unreal,unknown,-1,14,4,Mealy
g-unreal-21,g-unreal,unknown,-1,17,4,Mealy
g-unreal-30,g-unreal,unknown,-1,8,2,Mealy
g-unreal-31,g-unreal,unknown,-1,9,2,Mealy
g-unreal-310,g-unreal,unknown,-1,19,2,Mealy
g-unreal-311,g-unreal,unknown,-1,20,2,Mealy
g-unreal-312,g-unreal,unknown,-1,20,2,Mealy
g-unreal-313,g-unreal,unknown,-1,20,2,Mealy
g-unreal-314,g-unreal,unknown,-1,25,2,Mealy
g-unreal-32,g-unreal,unknown,-1,10,2,Mealy
g-unreal-33,g-unreal,unknown,-1,13,2,Mealy
g-unreal-34,g-unreal,unknown,-1,15,2,Mealy
g-unreal-35,g-unreal,unknown,-1,15,2,Mealy
g-unreal-36,g-unreal,unknown,-1,15,2,Mealy
g-unreal-37,g-unreal,unknown,-1,15,2,Mealy
g-unreal-38,g-unreal,unknown,-1,18,2,Mealy
g-unreal-39,g-unreal,unknown,-1,19,2,Mealy
generalized_buffer_pb_2_pe_,generalized_buffer,unknown,-1,4,4,Mealy
generalized_buffer_pb_3_pe_,generalized_buffer,unknown,-1,5,5,Mealy
generalized_buffer_pb_4_pe_,generalized_buffer,unknown,-1,6,6,Mealy
generalized_buffer_pb_5_pe_,generalized_buffer,unknown,-1,7,7,Mealy
generalized_buffer_pb_6_pe_,generalized_buffer,unknown,-1,8,8,Mealy
gf-real-real,gf-real-real,unknown,-1,6,1,Mealy
gf-unreal0,gf-unreal0,unknown,-1,3,0,Mealy
gf-unreal1,gf-unreal1,unknown,-1,4,0,Mealy
gf-unreal10,gf-unreal10,unknown,-1,7,0,Mealy
gf-unreal11,gf-unreal11,unknown,-1,7,0,Mealy
gf-unreal12,gf-unreal12,unknown,-1,7,0,Mealy
gf-unreal13,gf-unreal13,unknown,-1,7,0,Mealy
gf-unreal14,gf-unreal14,unknown,-1,7,0,Mealy
gf-unreal15,gf-unreal15,unknown,-1,7,0,Mealy
gf-unreal16,gf-unreal16,unknown,-1,8,0,Mealy
gf-unreal17,gf-unreal17,unknown,-1,8,0,Mealy
gf-unreal18,gf-unreal18,unknown,-1,8,0,Mealy
gf-unreal19,gf-unreal19,unknown,-1,8,0,Mealy
gf-unreal2,gf-unreal2,unknown,-1,5,0,Mealy
gf-unreal20,gf-unreal20,unknown,-1,8,0,Mealy
gf-unreal21,gf-unreal21,unknown,-1,8,0,Mealy
gf-unreal22,gf-unreal22,unknown,-1,8,0,Mealy
gf-unreal23,gf-unreal23,unknown,-1,8,0,Mealy
gf-unreal24,gf-unreal24,unknown,-1,8,0,Mealy
gf-unreal25,gf-unreal25,unknown,-1,8,0,Mealy
gf-unreal26,gf-unreal26,unknown,-1,8,0,Mealy
gf-unreal27,gf-unreal27,unknown,-1,8,0,Mealy
gf-unreal28,gf-unreal28,unknown,-1,8,0,Mealy
gf-unreal29,gf-unreal29,unknown,-1,8,0,Mealy
gf-unreal3,gf-unreal3,unknown,-1,5,0,Mealy
gf-unreal30,gf-unreal30,unknown,-1,8,0,Mealy
gf-unreal31,gf-unreal31,unknown,-1,8,0,Mealy
gf-unreal32,gf-unreal32,unknown,-1,9,0,Mealy
gf-unreal33,gf-unreal33,unknown,-1,9,0,Mealy
gf-unreal34,gf-unreal34,unknown,-1,9,0,Mealy
gf-unreal35,gf-unreal35,unknown,-1,9,0,Mealy
gf-unreal36,gf-unreal36,unknown,-1,9,0,Mealy
gf-unreal37,gf-unreal37,unknown,-1,9,0,Mealy
gf-unreal38,gf-unreal38,unknown,-1,9,0,Mealy
gf-unreal39,gf-unreal39,unknown,-1,9,0,Mealy
gf-unreal4,gf-unreal4,unknown,-1,6,0,Mealy
gf-unreal40,gf-unreal40,unknown,-1,9,0,Mealy
gf-unreal41,gf-unreal41,unknown,-1,9,0,Mealy
gf-unreal42,gf-unreal42,unknown,-1,9,0,Mealy
gf-unreal43,gf-unreal43,unknown,-1,9,0,Mealy
gf-unreal44,gf-unreal44,unknown,-1,9,0,Mealy
gf-unreal45,gf-unreal45,unknown,-1,9,0,Mealy
gf-unreal46,gf-unreal46,unknown,-1,9,0,Mealy
gf-unreal47,gf-unreal47,unknown,-1,9,0,Mealy
gf-unreal5,gf-unreal5,unknown,-1,6,0,Mealy
gf-unreal6,gf-unreal6,unknown,-1,6,0,Mealy
gf-unreal7,gf-unreal7,unknown,-1,6,0,Mealy
gf-unreal8,gf-unreal8,unknown,-1,7,0,Mealy
gf-unreal9,gf-unreal9,unknown,-1,7,0,Mealy
heim-buechi-real,heim-buechi-real,unknown,-1,14,1,Mealy
heim-double-x-real,heim-double-x-real,unknown,-1,14,1,Mealy
heim-double-x0,heim-double-x0,unknown,-1,10,1,Mealy
heim-double-x1,heim-double-x1,unknown,-1,11,1,Mealy
heim-double-x10,heim-double-x10,unknown,-1,14,1,Mealy
heim-double-x11,heim-double-x11,unknown,-1,14,1,Mealy
heim-double-x12,heim-double-x12,unknown,-1,14,1,Mealy
heim-double-x13,heim-double-x13,unknown,-1,14,1,Mealy
heim-double-x2,heim-double-x2,unknown,-1,11,1,Mealy
heim-double-x3,heim-double-x3,unknown,-1,11,1,Mealy
heim-double-x4,heim-double-x4,unknown,-1,12,1,Mealy
heim-double-x5,heim-double-x5,unknown,-1,12,1,Mealy
heim-double-x6,heim-double-x6,unknown,-1,12,1,Mealy
heim-double-x7,heim-double-x7,unknown,-1,12,1,Mealy
heim-double-x8,heim-double-x8,unknown,-1,13,1,Mealy
heim-double-x9,heim-double-x9,unknown,-1,14,1,Mealy
heim-fig7-unreal,heim-fig7-unreal,unknown,-1,9,2,Mealy
helipad-contradict0,helipad-contradict0,unknown,-1,18,5,Mealy
helipad-contradict1,helipad-contradict1,unknown,-1,22,5,Mealy
helipad-real,helipad-real,unknown,-1,18,5,Mealy
infinite-race-real,infinite-race-real,unknown,-1,5,1,Mealy
infinite-race-u0,infinite-race-u0,unknown,-1,5,1,Mealy
infinite-race-u1,infinite-race-u1,unknown,-1,6,1,Mealy
infinite-race-u10,infinite-race-u10,unknown,-1,15,1,Mealy
infinite-race-u11,infinite-race-u11,unknown,-1,15,1,Mealy
infinite-race-u12,infinite-race-u12,unknown,-1,15,1,Mealy
infinite-race-u13,infinite-race-u13,unknown,-1,15,1,Mealy
infinite-race-u14,infinite-race-u14,unknown,-1,15,1,Mealy
infinite-race-u15,infinite-race-u15,unknown,-1,15,1,Mealy
infinite-race-u16,infinite-race-u16,unknown,-1,16,1,Mealy
infinite-race-u17,infinite-race-u17,unknown,-1,16,1,Mealy
infinite-race-u18,infinite-race-u18,unknown,-1,16,1,Mealy
infinite-race-u19,infinite-race-u19,unknown,-1,16,1,Mealy
infinite-race-u2,infinite-race-u2,unknown,-1,13,1,Mealy
infinite-race-u20,infinite-race-u20,unknown,-1,16,1,Mealy
infinite-race-u21,infinite-race-u21,unknown,-1,16,1,Mealy
infinite-race-u22,infinite-race-u22,unknown,-1,16,1,Mealy
infinite-race-u23,infinite-race-u23,unknown,-1,16,1,Mealy
infinite-race-u24,infinite-race-u24,unknown,-1,16,1,Mealy
infinite-race-u25,infinite-race-u25,unknown,-1,16,1,Mealy
infinite-race-u3,infinite-race-u3,unknown,-1,13,1,Mealy
infinite-race-u4,infinite-race-u4,unknown,-1,14,1,Mealy
infinite-race-u5,infinite-race-u5,unknown,-1,14,1,Mealy
infinite-race-u6,infinite-race-u6,unknown,-1,14,1,Mealy
infinite-race-u7,infinite-race-u7,unknown,-1,14,1,Mealy
infinite-race-u8,infinite-race-u8,unknown,-1,15,1,Mealy
infinite-race-u9,infinite-race-u9,unknown,-1,15,1,Mealy
infinite-race-unequal-1-real,infinite-race-unequal-1-real,unknown,-1,12,1,Mealy
infinite-race-unequal-10,infinite-race-unequal,unknown,-1,6,1,Mealy
infinite-race-unequal-20,infinite-race-unequal,unknown,-1,6,1,Mealy
infinite-race-unequal-21,infinite-race-unequal,unknown,-1,12,1,Mealy
infinite-race-unequal-22,infinite-race-unequal,unknown,-1,13,1,Mealy
infinite-race-unequal-23,infinite-race-unequal,unknown,-1,15,1,Mealy
infinite-race-unequal-24,infinite-race-unequal,unknown,-1,16,1,Mealy
infinite-race-unequal-25,infinite-race-unequal,unknown,-1,20,1,Mealy
infinite-race-unequal-26,infinite-race-unequal,unknown,-1,22,1,Mealy
items_processing-real,items_processing-real,unknown,-1,24,2,Mealy
jarvis_gideon_a02758ea,jarvis_gideon,unrealizable,-1,18,36,Mealy
jarvis_philippe_484face8,jarvis_philippe,unrealizable,-1,33,48,Mealy
lazy_shades_problem_d6376bf9,lazy_shades_problem,realizable,0,6,3,Mealy
lift_gr1+_pb_2_pe_,lift_gr1+,unknown,-1,4,5,Mealy
lift_gr1+_pb_3_pe_,lift_gr1+,unknown,-1,5,6,Mealy
lift_gr1+_pb_6_pe_,lift_gr1+,unknown,-1,8,7,Mealy
lift_gr1+_pb_7_pe_,lift_gr1+,unknown,-1,9,7,Mealy
lift_gr1+_pb_8_pe_,lift_gr1+,unknown,-1,10,7,Mealy
lift_gr1+_pb_9_pe_,lift_gr1+,unknown,-1,11,8,Mealy
lift_gr1_pb_10_pe_,lift_gr1,unknown,-1,11,7,Mealy
lift_gr1_pb_2_pe_,lift_gr1,unknown,-1,3,4,Mealy
lift_gr1_pb_3_pe_,lift_gr1,unknown,-1,4,5,Mealy
lift_gr1_pb_7_pe_,lift_gr1,unknown,-1,8,6,Mealy
lift_gr1_pb_8_pe_,lift_gr1,unknown,-1,9,6,Mealy
lift_gr1_pb_9_pe_,lift_gr1,unknown,-1,10,7,Mealy
lift_pb_10_pe_,lift,unknown,-1,10,7,Mealy
lift_pb_2_pe_,lift,unknown,-1,2,4,Mealy
lift_pb_3_pe_,lift,unknown,-1,3,5,Mealy
lift_pb_4_pe_,lift,unknown,-1,4,5,Mealy
lift_pb_5_pe_,lift,unknown,-1,5,6,Mealy
lift_pb_6_pe_,lift,unknown,-1,6,6,Mealy
lift_pb_7_pe_,lift,unknown,-1,7,6,Mealy
lift_pb_8_pe_,lift,unknown,-1,8,6,Mealy
lift_pb_9_pe_,lift,unknown,-1,9,7,Mealy
lift_unary_enc_pb_10_pe_,lift_unary_enc,unknown,-1,10,13,Mealy
lift_unary_enc_pb_2_pe_,lift_unary_enc,unknown,-1,2,5,Mealy
lift_unary_enc_pb_3_pe_,lift_unary_enc,unknown,-1,3,6,Mealy
lift_unary_enc_pb_4_pe_,lift_unary_enc,unknown,-1,4,7,Mealy
lift_unary_enc_pb_5_pe_,lift_unary_enc,unknown,-1,5,8,Mealy
lift_unary_enc_pb_6_pe_,lift_unary_enc,unknown,-1,6,9,Mealy
lift_unary_enc_pb_7_pe_,lift_unary_enc,unknown,-1,7,10,Mealy
lift_unary_enc_pb_8_pe_,lift_unary_enc,unknown,-1,8,11,Mealy
lift_unary_enc_pb_9_pe_,lift_unary_enc,unknown,-1,9,12,Mealy
lift_wrong_physics_unreal_pb_10_pe_,lift_wrong_physics_unreal,unknown,-1,10,7,Mealy
lift_wrong_physics_unreal_pb_2_pe_,lift_wrong_physics_unreal,unknown,-1,2,4,Mealy
lift_wrong_physics_unreal_pb_3_pe_,lift_wrong_physics_unreal,unknown,-1,3,5,Mealy
lift_wrong_physics_unreal_pb_4_pe_,lift_wrong_physics_unreal,unknown,-1,4,5,Mealy
lift_wrong_physics_unreal_pb_5_pe_,lift_wrong_physics_unreal,unknown,-1,5,6,Mealy
lift_wrong_physics_unreal_pb_6_pe_,lift_wrong_physics_unreal,unknown,-1,6,6,Mealy
lift_wrong_physics_unreal_pb_7_pe_,lift_wrong_physics_unreal,unknown,-1,7,6,Mealy
lift_wrong_physics_unreal_pb_8_pe_,lift_wrong_physics_unreal,unknown,-1,8,6,Mealy
lift_wrong_physics_unreal_pb_9_pe_,lift_wrong_physics_unreal,unknown,-1,9,7,Mealy
lilydemo01,lilydemo01,unrealizable,-1,3,1,Mealy
lilydemo02,lilydemo02,unrealizable,-1,3,1,Mealy
lilydemo03,lilydemo03,realizable,1,3,1,Mealy
lilydemo04,lilydemo04,realizable,8,3,1,Mealy
lilydemo04_modified,lilydemo04_modified,realizable,8,3,1,Mealy
lilydemo05,lilydemo05,realizable,7,3,1,Mealy
lilydemo06,lilydemo06,realizable,7,3,1,Mealy
lilydemo07,lilydemo07,realizable,3,3,1,Mealy
lilydemo08,lilydemo08,realizable,0,1,1,Mealy
lilydemo09,lilydemo09,realizable,2,1,1,Mealy
lilydemo10,lilydemo10,realizable,0,2,2,Mealy
lilydemo11,lilydemo11,unrealizable,-1,2,2,Mealy
lilydemo12,lilydemo12,realizable,0,2,2,Mealy
lilydemo13,lilydemo13,realizable,0,1,1,Mealy
lilydemo14,lilydemo14,realizable,1,2,2,Mealy
lilydemo15,lilydemo15,unrealizable,-1,2,2,Mealy
lilydemo16,lilydemo16,unrealizable,-1,3,3,Mealy
lilydemo17,lilydemo17,realizable,5,2,3,Mealy
lilydemo18,lilydemo18,realizable,7,3,4,Mealy
lilydemo19,lilydemo19,realizable,2,2,2,Mealy
lilydemo20,lilydemo20,realizable,0,2,3,Mealy
lilydemo21,lilydemo21,realizable,20,4,4,Mealy
lilydemo22,lilydemo22,realizable,11,3,1,Mealy
lilydemo23,lilydemo23,realizable,2,1,1,Mealy
load_balancer_pb_10_pe_,load_balancer,unknown,-1,11,10,Mealy
load_balancer_pb_11_pe_,load_balancer,unknown,-1,12,11,Mealy
load_balancer_pb_12_pe_,load_balancer,unknown,-1,13,12,Mealy
load_balancer_pb_2_pe_,load_balancer,unknown,-1,3,2,Mealy
load_balancer_pb_3_pe_,load_balancer,unknown,-1,4,3,Mealy
load_balancer_pb_4_pe_,load_balancer,unknown,-1,5,4,Mealy
load_balancer_pb_5_pe_,load_balancer,unknown,-1,6,5,Mealy
load_balancer_pb_6_pe_,load_balancer,unknown,-1,7,6,Mealy
load_balancer_pb_7_pe_,load_balancer,unknown,-1,8,7,Mealy
load_balancer_pb_8_pe_,load_balancer,unknown,-1,9,8,Mealy
load_balancer_pb_9_pe_,load_balancer,unknown,-1,10,9,Mealy
load_balancer_unreal1_pb_2_10_pe_,load_balancer_unreal1,unknown,-1,3,2,Mealy
load_balancer_unreal1_pb_2_11_pe_,load_balancer_unreal1,unknown,-1,3,2,Mealy
load_balancer_unreal1_pb_2_12_pe_,load_balancer_unreal1,unknown,-1,3,2,Mealy
load_balancer_unreal1_pb_2_13_pe_,load_balancer_unreal1,unknown,-1,3,2,Mealy
load_balancer_unreal1_pb_2_14_pe_,load_balancer_unreal1,unknown,-1,3,2,Mealy
load_balancer_unreal1_pb_2_15_pe_,load_balancer_unreal1,unknown,-1,3,2,Mealy
load_balancer_unreal1_pb_2_16_pe_,load_balancer_unreal1,unknown,-1,3,2,Mealy
load_balancer_unreal1_pb_2_1_pe_,load_balancer_unreal1,unknown,-1,3,2,Mealy
load_balancer_unreal1_pb_2_2_pe_,load_balancer_unreal1,unknown,-1,3,2,Mealy
load_balancer_unreal1_pb_2_3_pe_,load_balancer_unreal1,unknown,-1,3,2,Mealy
load_balancer_unreal1_pb_2_4_pe_,load_balancer_unreal1,unknown,-1,3,2,Mealy
load_balancer_unreal1_pb_2_5_pe_,load_balancer_unreal1,unknown,-1,3,2,Mealy
load_balancer_unreal1_pb_2_6_pe_,load_balancer_unreal1,unknown,-1,3,2,Mealy
load_balancer_unreal1_pb_2_7_pe_,load_balancer_unreal1,unknown,-1,3,2,Mealy
load_balancer_unreal1_pb_2_8_pe_,load_balancer_unreal1,unknown,-1,3,2,Mealy
load_balancer_unreal1_pb_2_9_pe_,load_balancer_unreal1,unknown,-1,3,2,Mealy
load_balancer_unreal1_pb_3_10_pe_,load_balancer_unreal1,unknown,-1,4,3,Mealy
load_balancer_unreal1_pb_3_11_pe_,load_balancer_unreal1,unknown,-1,4,3,Mealy
load_balancer_unreal1_pb_3_12_pe_,load_balancer_unreal1,unknown,-1,4,3,Mealy
load_balancer_unreal1_pb_3_1_pe_,load_balancer_unreal1,unknown,-1,4,3,Mealy
load_balancer_unreal1_pb_3_2_pe_,load_balancer_unreal1,unknown,-1,4,3,Mealy
load_balancer_unreal1_pb_3_3_pe_,load_balancer_unreal1,unknown,-1,4,3,Mealy
load_balancer_unreal1_pb_3_4_pe_,load_balancer_unreal1,unknown,-1,4,3,Mealy
load_balancer_unreal1_pb_3_5_pe_,load_balancer_unreal1,unknown,-1,4,3,Mealy
load_balancer_unreal1_pb_3_6_pe_,load_balancer_unreal1,unknown,-1,4,3,Mealy
load_balancer_unreal1_pb_3_7_pe_,load_balancer_unreal1,unknown,-1,4,3,Mealy
load_balancer_unreal1_pb_3_8_pe_,load_balancer_unreal1,unknown,-1,4,3,Mealy
load_balancer_unreal1_pb_3_9_pe_,load_balancer_unreal1,unknown,-1,4,3,Mealy
load_balancer_unreal1_pb_4_10_pe_,load_balancer_unreal1,unknown,-1,5,4,Mealy
load_balancer_unreal1_pb_4_11_pe_,load_balancer_unreal1,unknown,-1,5,4,Mealy
load_balancer_unreal1_pb_4_12_pe_,load_balancer_unreal1,unknown,-1,5,4,Mealy
load_balancer_unreal1_pb_4_1_pe_,load_balancer_unreal1,unknown,-1,5,4,Mealy
load_balancer_unreal1_pb_4_2_pe_,load_balancer_unreal1,unknown,-1,5,4,Mealy
load_balancer_unreal1_pb_4_3_pe_,load_balancer_unreal1,unknown,-1,5,4,Mealy
load_balancer_unreal1_pb_4_4_pe_,load_balancer_unreal1,unknown,-1,5,4,Mealy
load_balancer_unreal1_pb_4_5_pe_,load_balancer_unreal1,unknown,-1,5,4,Mealy
load_balancer_unreal1_pb_4_6_pe_,load_balancer_unreal1,unknown,-1,5,4,Mealy
load_balancer_unreal1_pb_4_7_pe_,load_balancer_unreal1,unknown,-1,5,4,Mealy
load_balancer_unreal1_pb_4_8_pe_,load_balancer_unreal1,unknown,-1,5,4,Mealy
load_balancer_unreal1_pb_4_9_pe_,load_balancer_unreal1,unknown,-1,5,4,Mealy
load_balancer_unreal1_pb_5_2_pe_,load_balancer_unreal1,unknown,-1,6,5,Mealy
load_balancer_unreal1_pb_5_3_pe_,load_balancer_unreal1,unknown,-1,6,5,Mealy
load_balancer_unreal1_pb_5_4_pe_,load_balancer_unreal1,unknown,-1,6,5,Mealy
load_balancer_unreal1_pb_5_5_pe_,load_balancer_unreal1,unknown,-1,6,5,Mealy
load_balancer_unreal1_pb_5_6_pe_,load_balancer_unreal1,unknown,-1,6,5,Mealy
load_balancer_unreal1_pb_5_7_pe_,load_balancer_unreal1,unknown,-1,6,5,Mealy
load_balancer_unreal1_pb_6_1_pe_,load_balancer_unreal1,unknown,-1,7,6,Mealy
load_balancer_unreal1_pb_6_2_pe_,load_balancer_unreal1,unknown,-1,7,6,Mealy
load_balancer_unreal1_pb_6_3_pe_,load_balancer_unreal1,unknown,-1,7,6,Mealy
load_balancer_unreal1_pb_6_4_pe_,load_balancer_unreal1,unknown,-1,7,6,Mealy
load_balancer_unreal1_pb_6_5_pe_,load_balancer_unreal1,unknown,-1,7,6,Mealy
load_balancer_unreal2_pb_2_pe_,load_balancer_unreal2,unknown,-1,3,2,Mealy
load_balancer_unreal2_pb_3_pe_,load_balancer_unreal2,unknown,-1,4,3,Mealy
load_balancer_unreal2_pb_4_pe_,load_balancer_unreal2,unknown,-1,5,4,Mealy
load_balancer_unreal2_pb_5_pe_,load_balancer_unreal2,unknown,-1,6,5,Mealy
load_balancer_unreal2_pb_6_pe_,load_balancer_unreal2,unknown,-1,7,6,Mealy
load_balancer_unreal2_pb_7_pe_,load_balancer_unreal2,unknown,-1,8,7,Mealy
load_balancer_unreal2_pb_8_pe_,load_balancer_unreal2,unknown,-1,9,8,Mealy
ltl2dba01,ltl2dba01,realizable,7,3,1,Mealy
ltl2dba02,ltl2dba02,realizable,92,3,1,Mealy
ltl2dba03,ltl2dba03,realizable,8,3,1,Mealy
ltl2dba04,ltl2dba04,realizable,10,3,1,Mealy
ltl2dba05,ltl2dba05,realizable,24,4,1,Mealy
ltl2dba06,ltl2dba06,realizable,19,4,1,Mealy
ltl2dba07,ltl2dba07,realizable,44,7,1,Mealy
ltl2dba08,ltl2dba08,realizable,23,5,1,Mealy
ltl2dba09,ltl2dba09,realizable,2,3,1,Mealy
ltl2dba10,ltl2dba10,realizable,3,3,1,Mealy
ltl2dba11,ltl2dba11,realizable,0,2,1,Mealy
ltl2dba12,ltl2dba12,realizable,7,2,1,Mealy
ltl2dba13,ltl2dba13,realizable,4,3,1,Mealy
ltl2dba14,ltl2dba14,realizable,6,3,1,Mealy
ltl2dba15,ltl2dba15,realizable,1,2,1,Mealy
ltl2dba16,ltl2dba16,realizable,10,2,1,Mealy
ltl2dba17,ltl2dba17,realizable,5,2,1,Mealy
ltl2dba18,ltl2dba18,realizable,7,3,1,Mealy
ltl2dba19,ltl2dba19,realizable,9,2,1,Moore
ltl2dba20,ltl2dba20,realizable,16,4,1,Mealy
ltl2dba21,ltl2dba21,realizable,12,2,1,Mealy
ltl2dba22,ltl2dba22,realizable,2,1,1,Mealy
ltl2dba23,ltl2dba23,realizable,6,2,1,Mealy
ltl2dba25,ltl2dba25,realizable,9,3,1,Mealy
ltl2dba26,ltl2dba26,realizable,9,3,1,Mealy
ltl2dba27,ltl2dba27,unrealizable,-1,1,1,Mealy
ltl2dba_C2_pb_100_pe_,ltl2dba_C2,unknown,-1,100,1,Mealy
ltl2dba_C2_pb_10_pe_,ltl2dba_C2,unknown,-1,10,1,Mealy
ltl2dba_C2_pb_12_pe_,ltl2dba_C2,unknown,-1,12,1,Mealy
ltl2dba_C2_pb_14_pe_,ltl2dba_C2,unknown,-1,14,1,Mealy
ltl2dba_C2_pb_16_pe_,ltl2dba_C2,unknown,-1,16,1,Mealy
ltl2dba_C2_pb_1_pe_,ltl2dba_C2,unknown,-1,1,1,Mealy
ltl2dba_C2_pb_25_pe_,ltl2dba_C2,unknown,-1,25,1,Mealy
ltl2dba_C2_pb_2_pe_,ltl2dba_C2,unknown,-1,2,1,Mealy
ltl2dba_C2_pb_3_pe_,ltl2dba_C2,unknown,-1,3,1,Mealy
ltl2dba_C2_pb_4_pe_,ltl2dba_C2,unknown,-1,4,1,Mealy
ltl2dba_C2_pb_50_pe_,ltl2dba_C2,unknown,-1,50,1,Mealy
ltl2dba_C2_pb_5_pe_,ltl2dba_C2,unknown,-1,5,1,Mealy
ltl2dba_C2_pb_60_pe_,ltl2dba_C2,unknown,-1,60,1,Mealy
ltl2dba_C2_pb_6_pe_,ltl2dba_C2,unknown,-1,6,1,Mealy
ltl2dba_C2_pb_70_pe_,ltl2dba_C2,unknown,-1,70,1,Mealy
ltl2dba_C2_pb_7_pe_,ltl2dba_C2,unknown,-1,7,1,Mealy
ltl2dba_C2_pb_80_pe_,ltl2dba_C2,unknown,-1,80,1,Mealy
ltl2dba_C2_pb_8_pe_,ltl2dba_C2,unknown,-1,8,1,Mealy
ltl2dba_C2_pb_9_pe_,ltl2dba_C2,unknown,-1,9,1,Mealy
ltl2dba_C2_unreal_pb_100_pe_,ltl2dba_C2_unreal,unknown,-1,100,1,Mealy
ltl2dba_C2_unreal_pb_10_pe_,ltl2dba_C2_unreal,unknown,-1,10,1,Mealy
ltl2dba_C2_unreal_pb_11_pe_,ltl2dba_C2_unreal,unknown,-1,11,1,Mealy
ltl2dba_C2_unreal_pb_12_pe_,ltl2dba_C2_unreal,unknown,-1,12,1,Mealy
ltl2dba_C2_unreal_pb_13_pe_,ltl2dba_C2_unreal,unknown,-1,13,1,Mealy
ltl2dba_C2_unreal_pb_14_pe_,ltl2dba_C2_unreal,unknown,-1,14,1,Mealy
ltl2dba_C2_unreal_pb_15_pe_,ltl2dba_C2_unreal,unknown,-1,15,1,Mealy
ltl2dba_C2_unreal_pb_16_pe_,ltl2dba_C2_unreal,unknown,-1,16,1,Mealy
ltl2dba_C2_unreal_pb_25_pe_,ltl2dba_C2_unreal,unknown,-1,25,1,Mealy
ltl2dba_C2_unreal_pb_2_pe_,ltl2dba_C2_unreal,unknown,-1,2,1,Mealy
ltl2dba_C2_unreal_pb_3_pe_,ltl2dba_C2_unreal,unknown,-1,3,1,Mealy
ltl2dba_C2_unreal_pb_4_pe_,ltl2dba_C2_unreal,unknown,-1,4,1,Mealy
ltl2dba_C2_unreal_pb_50_pe_,ltl2dba_C2_unreal,unknown,-1,50,1,Mealy
ltl2dba_C2_unreal_pb_5_pe_,ltl2dba_C2_unreal,unknown,-1,5,1,Mealy
ltl2dba_C2_unreal_pb_60_pe_,ltl2dba_C2_unreal,unknown,-1,60,1,Mealy
ltl2dba_C2_unreal_pb_6_pe_,ltl2dba_C2_unreal,unknown,-1,6,1,Mealy
ltl2dba_C2_unreal_pb_70_pe_,ltl2dba_C2_unreal,unknown,-1,70,1,Mealy
ltl2dba_C2_unreal_pb_7_pe_,ltl2dba_C2_unreal,unknown,-1,7,1,Mealy
ltl2dba_C2_unreal_pb_80_pe_,ltl2dba_C2_unreal,unknown,-1,80,1,Mealy
ltl2dba_C2_unreal_pb_8_pe_,ltl2dba_C2_unreal,unknown,-1,8,1,Mealy
ltl2dba_C2_unreal_pb_9_pe_,ltl2dba_C2_unreal,unknown,-1,9,1,Mealy
ltl2dba_E_pb_10_pe_,ltl2dba_E,unknown,-1,10,1,Mealy
ltl2dba_E_pb_12_pe_,ltl2dba_E,unknown,-1,12,1,Mealy
ltl2dba_E_pb_14_pe_,ltl2dba_E,unknown,-1,14,1,Mealy
ltl2dba_E_pb_15_pe_,ltl2dba_E,unknown,-1,15,1,Mealy
ltl2dba_E_pb_16_pe_,ltl2dba_E,unknown,-1,16,1,Mealy
ltl2dba_E_pb_1_pe_,ltl2dba_E,unknown,-1,1,1,Mealy
ltl2dba_E_pb_2_pe_,ltl2dba_E,unknown,-1,2,1,Mealy
ltl2dba_E_pb_3_pe_,ltl2dba_E,unknown,-1,3,1,Mealy
ltl2dba_E_pb_4_pe_,ltl2dba_E,unknown,-1,4,1,Mealy
ltl2dba_E_pb_5_pe_,ltl2dba_E,unknown,-1,5,1,Mealy
ltl2dba_E_pb_6_pe_,ltl2dba_E,unknown,-1,6,1,Mealy
ltl2dba_E_pb_7_pe_,ltl2dba_E,unknown,-1,7,1,Mealy
ltl2dba_E_pb_8_pe_,ltl2dba_E,unknown,-1,8,1,Mealy
ltl2dba_E_pb_9_pe_,ltl2dba_E,unknown,-1,9,1,Mealy
ltl2dba_Q_pb_100_pe_,ltl2dba_Q,unknown,-1,100,1,Mealy
ltl2dba_Q_pb_10_pe_,ltl2dba_Q,unknown,-1,10,1,Mealy
ltl2dba_Q_pb_12_pe_,ltl2dba_Q,unknown,-1,12,1,Mealy
ltl2dba_Q_pb_15_pe_,ltl2dba_Q,unknown,-1,15,1,Mealy
ltl2dba_Q_pb_18_pe_,ltl2dba_Q,unknown,-1,18,1,Mealy
ltl2dba_Q_pb_1_pe_,ltl2dba_Q,unknown,-1,1,1,Mealy
ltl2dba_Q_pb_25_pe_,ltl2dba_Q,unknown,-1,25,1,Mealy
ltl2dba_Q_pb_2_pe_,ltl2dba_Q,unknown,-1,2,1,Mealy
ltl2dba_Q_pb_3_pe_,ltl2dba_Q,unknown,-1,3,1,Mealy
ltl2dba_Q_pb_4_pe_,ltl2dba_Q,unknown,-1,4,1,Mealy
ltl2dba_Q_pb_50_pe_,ltl2dba_Q,unknown,-1,50,1,Mealy
ltl2dba_Q_pb_5_pe_,ltl2dba_Q,unknown,-1,5,1,Mealy
ltl2dba_Q_pb_6_pe_,ltl2dba_Q,unknown,-1,6,1,Mealy
ltl2dba_Q_pb_7_pe_,ltl2dba_Q,unknown,-1,7,1,Mealy
ltl2dba_Q_pb_8_pe_,ltl2dba_Q,unknown,-1,8,1,Mealy
ltl2dba_R_pb_10_pe_,ltl2dba_R,unknown,-1,10,1,Mealy
ltl2dba_R_pb_11_pe_,ltl2dba_R,unknown,-1,11,1,Mealy
ltl2dba_R_pb_12_pe_,ltl2dba_R,unknown,-1,12,1,Mealy
ltl2dba_R_pb_14_pe_,ltl2dba_R,unknown,-1,14,1,Mealy
ltl2dba_R_pb_16_pe_,ltl2dba_R,unknown,-1,16,1,Mealy
ltl2dba_R_pb_1_pe_,ltl2dba_R,unknown,-1,1,1,Mealy
ltl2dba_R_pb_2_pe_,ltl2dba_R,unknown,-1,2,1,Mealy
ltl2dba_R_pb_3_pe_,ltl2dba_R,unknown,-1,3,1,Mealy
ltl2dba_R_pb_4_pe_,ltl2dba_R,unknown,-1,4,1,Mealy
ltl2dba_R_pb_5_pe_,ltl2dba_R,unknown,-1,5,1,Mealy
ltl2dba_R_pb_6_pe_,ltl2dba_R,unknown,-1,6,1,Mealy
ltl2dba_R_pb_7_pe_,ltl2dba_R,unknown,-1,7,1,Mealy
ltl2dba_R_pb_8_pe_,ltl2dba_R,unknown,-1,8,1,Mealy
ltl2dba_U1_pb_100_pe_,ltl2dba_U1,unknown,-1,100,1,Mealy
ltl2dba_U1_pb_10_pe_,ltl2dba_U1,unknown,-1,10,1,Mealy
ltl2dba_U1_pb_12_pe_,ltl2dba_U1,unknown,-1,12,1,Mealy
ltl2dba_U1_pb_15_pe_,ltl2dba_U1,unknown,-1,15,1,Mealy
ltl2dba_U1_pb_18_pe_,ltl2dba_U1,unknown,-1,18,1,Mealy
ltl2dba_U1_pb_1_pe_,ltl2dba_U1,unknown,-1,1,1,Mealy
ltl2dba_U1_pb_25_pe_,ltl2dba_U1,unknown,-1,25,1,Mealy
ltl2dba_U1_pb_2_pe_,ltl2dba_U1,unknown,-1,2,1,Mealy
ltl2dba_U1_pb_3_pe_,ltl2dba_U1,unknown,-1,3,1,Mealy
ltl2dba_U1_pb_4_pe_,ltl2dba_U1,unknown,-1,4,1,Mealy
ltl2dba_U1_pb_50_pe_,ltl2dba_U1,unknown,-1,50,1,Mealy
ltl2dba_U1_pb_5_pe_,ltl2dba_U1,unknown,-1,5,1,Mealy
ltl2dba_U1_pb_6_pe_,ltl2dba_U1,unknown,-1,6,1,Mealy
ltl2dba_U1_pb_7_pe_,ltl2dba_U1,unknown,-1,7,1,Mealy
ltl2dba_U1_pb_8_pe_,ltl2dba_U1,unknown,-1,8,1,Mealy
ltl2dba_U1_pb_9_pe_,ltl2dba_U1,unknown,-1,9,1,Mealy
ltl2dba_alpha_pb_100_pe_,ltl2dba_alpha,unknown,-1,2,1,Mealy
ltl2dba_alpha_pb_10_pe_,ltl2dba_alpha,unknown,-1,2,1,Mealy
ltl2dba_alpha_pb_12_pe_,ltl2dba_alpha,unknown,-1,2,1,Mealy
ltl2dba_alpha_pb_14_pe_,ltl2dba_alpha,unknown,-1,2,1,Mealy
ltl2dba_alpha_pb_16_pe_,ltl2dba_alpha,unknown,-1,2,1,Mealy
ltl2dba_alpha_pb_17_pe_,ltl2dba_alpha,unknown,-1,2,1,Mealy
ltl2dba_alpha_pb_18_pe_,ltl2dba_alpha,unknown,-1,2,1,Mealy
ltl2dba_alpha_pb_1_pe_,ltl2dba_alpha,unknown,-1,2,1,Mealy
ltl2dba_alpha_pb_20_pe_,ltl2dba_alpha,unknown,-1,2,1,Mealy
ltl2dba_alpha_pb_25_pe_,ltl2dba_alpha,unknown,-1,2,1,Mealy
ltl2dba_alpha_pb_2_pe_,ltl2dba_alpha,unknown,-1,2,1,Mealy
ltl2dba_alpha_pb_3_pe_,ltl2dba_alpha,unknown,-1,2,1,Mealy
ltl2dba_alpha_pb_4_pe_,ltl2dba_alpha,unknown,-1,2,1,Mealy
ltl2dba_alpha_pb_50_pe_,ltl2dba_alpha,unknown,-1,2,1,Mealy
ltl2dba_alpha_pb_5_pe_,ltl2dba_alpha,unknown,-1,2,1,Mealy
ltl2dba_alpha_pb_6_pe_,ltl2dba_alpha,unknown,-1,2,1,Mealy
ltl2dba_alpha_pb_7_pe_,ltl2dba_alpha,unknown,-1,2,1,Mealy
ltl2dba_alpha_pb_8_pe_,ltl2dba_alpha,unknown,-1,2,1,Mealy
ltl2dba_beta_pb_100_pe_,ltl2dba_beta,unknown,-1,200,1,Mealy
ltl2dba_beta_pb_10_pe_,ltl2dba_beta,unknown,-1,20,1,Mealy
ltl2dba_beta_pb_15_pe_,ltl2dba_beta,unknown,-1,30,1,Mealy
ltl2dba_beta_pb_18_pe_,ltl2dba_beta,unknown,-1,36,1,Mealy
ltl2dba_beta_pb_1_pe_,ltl2dba_beta,unknown,-1,2,1,Mealy
ltl2dba_beta_pb_20_pe_,ltl2dba_beta,unknown,-1,40,1,Mealy
ltl2dba_beta_pb_25_pe_,ltl2dba_beta,unknown,-1,50,1,Mealy
ltl2dba_beta_pb_2_pe_,ltl2dba_beta,unknown,-1,4,1,Mealy
ltl2dba_beta_pb_30_pe_,ltl2dba_beta,unknown,-1,60,1,Mealy
ltl2dba_beta_pb_3_pe_,ltl2dba_beta,unknown,-1,6,1,Mealy
ltl2dba_beta_pb_4_pe_,ltl2dba_beta,unknown,-1,8,1,Mealy
ltl2dba_beta_pb_5_pe_,ltl2dba_beta,unknown,-1,10,1,Mealy
ltl2dba_beta_pb_6_pe_,ltl2dba_beta,unknown,-1,12,1,Mealy
ltl2dba_beta_pb_7_pe_,ltl2dba_beta,unknown,-1,14,1,Mealy
ltl2dba_beta_pb_8_pe_,ltl2dba_beta,unknown,-1,16,1,Mealy
ltl2dba_theta_pb_100_pe_,ltl2dba_theta,unknown,-1,102,1,Mealy
ltl2dba_theta_pb_10_pe_,ltl2dba_theta,unknown,-1,12,1,Mealy
ltl2dba_theta_pb_12_pe_,ltl2dba_theta,unknown,-1,14,1,Mealy
ltl2dba_theta_pb_14_pe_,ltl2dba_theta,unknown,-1,16,1,Mealy
ltl2dba_theta_pb_16_pe_,ltl2dba_theta,unknown,-1,18,1,Mealy
ltl2dba_theta_pb_1_pe_,ltl2dba_theta,unknown,-1,3,1,Mealy
ltl2dba_theta_pb_25_pe_,ltl2dba_theta,unknown,-1,27,1,Mealy
ltl2dba_theta_pb_2_pe_,ltl2dba_theta,unknown,-1,4,1,Mealy
ltl2dba_theta_pb_300_pe_,ltl2dba_theta,unknown,-1,302,1,Mealy
ltl2dba_theta_pb_3_pe_,ltl2dba_theta,unknown,-1,5,1,Mealy
ltl2dba_theta_pb_4_pe_,ltl2dba_theta,unknown,-1,6,1,Mealy
ltl2dba_theta_pb_500_pe_,ltl2dba_theta,unknown,-1,502,1,Mealy
ltl2dba_theta_pb_50_pe_,ltl2dba_theta,unknown,-1,52,1,Mealy
ltl2dba_theta_pb_5_pe_,ltl2dba_theta,unknown,-1,7,1,Mealy
ltl2dba_theta_pb_6_pe_,ltl2dba_theta,unknown,-1,8,1,Mealy
ltl2dba_theta_pb_7_pe_,ltl2dba_theta,unknown,-1,9,1,Mealy
ltl2dba_theta_pb_8_pe_,ltl2dba_theta,unknown,-1,10,1,Mealy
ltl2dpa01,ltl2dpa01,realizable,2,1,3,Mealy
ltl2dpa02,ltl2dpa02,realizable,3,2,2,Mealy
ltl2dpa03,ltl2dpa03,realizable,9,3,3,Mealy
ltl2dpa04,ltl2dpa04,realizable,3,2,2,Mealy
ltl2dpa05,ltl2dpa05,realizable,1,2,2,Mealy
ltl2dpa06,ltl2dpa06,realizable,4,3,2,Mealy
ltl2dpa07,ltl2dpa07,realizable,4,3,2,Mealy
ltl2dpa08,ltl2dpa08,realizable,6,2,2,Mealy
ltl2dpa09,ltl2dpa09,realizable,4,3,2,Mealy
ltl2dpa10,ltl2dpa10,realizable,2,2,3,Mealy
ltl2dpa11,ltl2dpa11,realizable,5,3,2,Mealy
ltl2dpa12,ltl2dpa12,realizable,2,2,4,Mealy
ltl2dpa13,ltl2dpa13,realizable,10,2,3,Mealy
ltl2dpa14,ltl2dpa14,realizable,0,1,3,Mealy
ltl2dpa15,ltl2dpa15,realizable,4,2,2,Mealy
ltl2dpa16,ltl2dpa16,realizable,5,3,2,Mealy
ltl2dpa17,ltl2dpa17,realizable,8,3,2,Mealy
ltl2dpa18,ltl2dpa18,realizable,5,3,2,Mealy
ltl2dpa19,ltl2dpa19,realizable,22,3,3,Mealy
ltl2dpa20,ltl2dpa20,realizable,5,3,2,Mealy
ltl2dpa22,ltl2dpa22,realizable,38,6,3,Mealy
ltl2dpa23,ltl2dpa23,realizable,1,2,2,Mealy
ltl2dpa24,ltl2dpa24,realizable,1,2,2,Mealy
mux_pb_100_pe_,mux,unknown,-1,107,1,Mealy
mux_pb_10_pe_,mux,unknown,-1,14,1,Mealy
mux_pb_125_pe_,mux,unknown,-1,132,1,Mealy
mux_pb_12_pe_,mux,unknown,-1,16,1,Mealy
mux_pb_132_pe_,mux,unknown,-1,140,1,Mealy
mux_pb_150_pe_,mux,unknown,-1,158,1,Mealy
mux_pb_16_pe_,mux,unknown,-1,20,1,Mealy
mux_pb_175_pe_,mux,unknown,-1,183,1,Mealy
mux_pb_200_pe_,mux,unknown,-1,208,1,Mealy
mux_pb_32_pe_,mux,unknown,-1,37,1,Mealy
mux_pb_64_pe_,mux,unknown,-1,70,1,Mealy
mux_pb_8_pe_,mux,unknown,-1,11,1,Mealy
narylatch_pb_10_pe_,narylatch,unknown,-1,11,10,Mealy
narylatch_pb_11_pe_,narylatch,unknown,-1,12,11,Mealy
narylatch_pb_12_pe_,narylatch,unknown,-1,13,12,Mealy
narylatch_pb_16_pe_,narylatch,unknown,-1,17,16,Mealy
narylatch_pb_32_pe_,narylatch,unknown,-1,33,32,Mealy
narylatch_pb_64_pe_,narylatch,unknown,-1,65,64,Mealy
narylatch_pb_8_pe_,narylatch,unknown,-1,9,8,Mealy
ordered-visits-choice-real,ordered-visits-choice-real,unknown,-1,8,1,Mealy
ordered-visits-real,ordered-visits-real,unknown,-1,9,1,Mealy
package-delivery-real,package-delivery-real,unknown,-1,16,8,Mealy
patrolling-alarm0,patrolling-alarm0,unknown,-1,10,3,Mealy
patrolling-alarm1,patrolling-alarm1,unknown,-1,11,3,Mealy
patrolling-alarm10,patrolling-alarm10,unknown,-1,13,3,Mealy
patrolling-alarm11,patrolling-alarm11,unknown,-1,13,3,Mealy
patrolling-alarm12,patrolling-alarm12,unknown,-1,13,3,Mealy
patrolling-alarm13,patrolling-alarm13,unknown,-1,13,3,Mealy
patrolling-alarm14,patrolling-alarm14,unknown,-1,13,3,Mealy
patrolling-alarm15,patrolling-alarm15,unknown,-1,14,3,Mealy
patrolling-alarm16,patrolling-alarm16,unknown,-1,14,3,Mealy
patrolling-alarm17,patrolling-alarm17,unknown,-1,14,3,Mealy
patrolling-alarm18,patrolling-alarm18,unknown,-1,14,3,Mealy
patrolling-alarm19,patrolling-alarm19,unknown,-1,14,3,Mealy
patrolling-alarm2,patrolling-alarm2,unknown,-1,11,3,Mealy
patrolling-alarm20,patrolling-alarm20,unknown,-1,14,3,Mealy
patrolling-alarm21,patrolling-alarm21,unknown,-1,14,3,Mealy
patrolling-alarm22,patrolling-alarm22,unknown,-1,14,3,Mealy
patrolling-alarm23,patrolling-alarm23,unknown,-1,14,3,Mealy
patrolling-alarm24,patrolling-alarm24,unknown,-1,14,3,Mealy
patrolling-alarm25,patrolling-alarm25,unknown,-1,14,3,Mealy
patrolling-alarm26,patrolling-alarm26,unknown,-1,14,3,Mealy
patrolling-alarm3,patrolling-alarm3,unknown,-1,12,3,Mealy
patrolling-alarm4,patrolling-alarm4,unknown,-1,12,3,Mealy
patrolling-alarm5,patrolling-alarm5,unknown,-1,12,3,Mealy
patrolling-alarm6,patrolling-alarm6,unknown,-1,12,3,Mealy
patrolling-alarm7,patrolling-alarm7,unknown,-1,13,3,Mealy
patrolling-alarm8,patrolling-alarm8,unknown,-1,13,3,Mealy
patrolling-alarm9,patrolling-alarm9,unknown,-1,13,3,Mealy
patrolling0,patrolling0,unknown,-1,8,3,Mealy
patrolling1,patrolling1,unknown,-1,9,3,Mealy
patrolling10,patrolling10,unknown,-1,11,3,Mealy
patrolling11,patrolling11,unknown,-1,11,3,Mealy
patrolling12,patrolling12,unknown,-1,11,3,Mealy
patrolling13,patrolling13,unknown,-1,11,3,Mealy
patrolling14,patrolling14,unknown,-1,11,3,Mealy
patrolling15,patrolling15,unknown,-1,12,3,Mealy
patrolling16,patrolling16,unknown,-1,12,3,Mealy
patrolling17,patrolling17,unknown,-1,12,3,Mealy
patrolling18,patrolling18,unknown,-1,12,3,Mealy
patrolling19,patrolling19,unknown,-1,12,3,Mealy
patrolling2,patrolling2,unknown,-1,9,3,Mealy
patrolling20,patrolling20,unknown,-1,12,3,Mealy
patrolling21,patrolling21,unknown,-1,12,3,Mealy
patrolling22,patrolling22,unknown,-1,12,3,Mealy
patrolling23,patrolling23,unknown,-1,12,3,Mealy
patrolling24,patrolling24,unknown,-1,12,3,Mealy
patrolling25,patrolling25,unknown,-1,12,3,Mealy
patrolling3,patrolling3,unknown,-1,10,3,Mealy
patrolling4,patrolling4,unknown,-1,10,3,Mealy
patrolling5,patrolling5,unknown,-1,10,3,Mealy
patrolling6,patrolling6,unknown,-1,10,3,Mealy
patrolling7,patrolling7,unknown,-1,11,3,Mealy
patrolling8,patrolling8,unknown,-1,11,3,Mealy
patrolling9,patrolling9,unknown,-1,11,3,Mealy
precise-reachability-real,precise-reachability-real,unknown,-1,8,2,Mealy
precise-reachability0,precise-reachability0,unknown,-1,6,2,Mealy
prioritized_arbiter_enc_pb_10_pe_,prioritized_arbiter_enc,unknown,-1,4,4,Mealy
prioritized_arbiter_enc_pb_12_pe_,prioritized_arbiter_enc,unknown,-1,4,4,Mealy
prioritized_arbiter_enc_pb_13_pe_,prioritized_arbiter_enc,unknown,-1,4,4,Mealy
prioritized_arbiter_enc_pb_14_pe_,prioritized_arbiter_enc,unknown,-1,4,4,Mealy
prioritized_arbiter_enc_pb_15_pe_,prioritized_arbiter_enc,unknown,-1,4,4,Mealy
prioritized_arbiter_enc_pb_8_pe_,prioritized_arbiter_enc,unknown,-1,3,4,Mealy
prioritized_arbiter_pb_10_pe_,prioritized_arbiter,unknown,-1,11,11,Mealy
prioritized_arbiter_pb_12_pe_,prioritized_arbiter,unknown,-1,13,13,Mealy
prioritized_arbiter_pb_1_pe_,prioritized_arbiter,unknown,-1,2,2,Mealy
prioritized_arbiter_pb_2_pe_,prioritized_arbiter,unknown,-1,3,3,Mealy
prioritized_arbiter_pb_3_pe_,prioritized_arbiter,unknown,-1,4,4,Mealy
prioritized_arbiter_pb_4_pe_,prioritized_arbiter,unknown,-1,5,5,Mealy
prioritized_arbiter_pb_5_pe_,prioritized_arbiter,unknown,-1,6,6,Mealy
prioritized_arbiter_pb_6_pe_,prioritized_arbiter,unknown,-1,7,7,Mealy
prioritized_arbiter_pb_7_pe_,prioritized_arbiter,unknown,-1,8,8,Mealy
prioritized_arbiter_pb_8_pe_,prioritized_arbiter,unknown,-1,9,9,Mealy
prioritized_arbiter_pb_9_pe_,prioritized_arbiter,unknown,-1,10,10,Mealy
prioritized_arbiter_unreal1_pb_2_10_pe_,prioritized_arbiter_unreal1,unknown,-1,3,3,Mealy
prioritized_arbiter_unreal1_pb_2_11_pe_,prioritized_arbiter_unreal1,unknown,-1,3,3,Mealy
prioritized_arbiter_unreal1_pb_2_12_pe_,prioritized_arbiter_unreal1,unknown,-1,3,3,Mealy
prioritized_arbiter_unreal1_pb_2_13_pe_,prioritized_arbiter_unreal1,unknown,-1,3,3,Mealy
prioritized_arbiter_unreal1_pb_2_14_pe_,prioritized_arbiter_unreal1,unknown,-1,3,3,Mealy
prioritized_arbiter_unreal1_pb_2_15_pe_,prioritized_arbiter_unreal1,unknown,-1,3,3,Mealy
prioritized_arbiter_unreal1_pb_2_16_pe_,prioritized_arbiter_unreal1,unknown,-1,3,3,Mealy
prioritized_arbiter_unreal1_pb_2_1_pe_,prioritized_arbiter_unreal1,unknown,-1,3,3,Mealy
prioritized_arbiter_unreal1_pb_2_2_pe_,prioritized_arbiter_unreal1,unknown,-1,3,3,Mealy
prioritized_arbiter_unreal1_pb_2_3_pe_,prioritized_arbiter_unreal1,unknown,-1,3,3,Mealy
prioritized_arbiter_unreal1_pb_2_4_pe_,prioritized_arbiter_unreal1,unknown,-1,3,3,Mealy
prioritized_arbiter_unreal1_pb_2_5_pe_,prioritized_arbiter_unreal1,unknown,-1,3,3,Mealy
prioritized_arbiter_unreal1_pb_2_6_pe_,prioritized_arbiter_unreal1,unknown,-1,3,3,Mealy
prioritized_arbiter_unreal1_pb_2_7_pe_,prioritized_arbiter_unreal1,unknown,-1,3,3,Mealy
prioritized_arbiter_unreal1_pb_2_8_pe_,prioritized_arbiter_unreal1,unknown,-1,3,3,Mealy
prioritized_arbiter_unreal1_pb_2_9_pe_,prioritized_arbiter_unreal1,unknown,-1,3,3,Mealy
prioritized_arbiter_unreal1_pb_3_10_pe_,prioritized_arbiter_unreal1,unknown,-1,4,4,Mealy
prioritized_arbiter_unreal1_pb_3_11_pe_,prioritized_arbiter_unreal1,unknown,-1,4,4,Mealy
prioritized_arbiter_unreal1_pb_3_12_pe_,prioritized_arbiter_unreal1,unknown,-1,4,4,Mealy
prioritized_arbiter_unreal1_pb_3_13_pe_,prioritized_arbiter_unreal1,unknown,-1,4,4,Mealy
prioritized_arbiter_unreal1_pb_3_14_pe_,prioritized_arbiter_unreal1,unknown,-1,4,4,Mealy
prioritized_arbiter_unreal1_pb_3_15_pe_,prioritized_arbiter_unreal1,unknown,-1,4,4,Mealy
prioritized_arbiter_unreal1_pb_3_16_pe_,prioritized_arbiter_unreal1,unknown,-1,4,4,Mealy
prioritized_arbiter_unreal1_pb_3_1_pe_,prioritized_arbiter_unreal1,unknown,-1,4,4,Mealy
prioritized_arbiter_unreal1_pb_3_2_pe_,prioritized_arbiter_unreal1,unknown,-1,4,4,Mealy
prioritized_arbiter_unreal1_pb_3_3_pe_,prioritized_arbiter_unreal1,unknown,-1,4,4,Mealy
prioritized_arbiter_unreal1_pb_3_4_pe_,prioritized_arbiter_unreal1,unknown,-1,4,4,Mealy
prioritized_arbiter_unreal1_pb_3_5_pe_,prioritized_arbiter_unreal1,unknown,-1,4,4,Mealy
prioritized_arbiter_unreal1_pb_3_6_pe_,prioritized_arbiter_unreal1,unknown,-1,4,4,Mealy
prioritized_arbiter_unreal1_pb_3_7_pe_,prioritized_arbiter_unreal1,unknown,-1,4,4,Mealy
prioritized_arbiter_unreal1_pb_3_8_pe_,prioritized_arbiter_unreal1,unknown,-1,4,4,Mealy
prioritized_arbiter_unreal1_pb_3_9_pe_,prioritized_arbiter_unreal1,unknown,-1,4,4,Mealy
prioritized_arbiter_unreal1_pb_4_10_pe_,prioritized_arbiter_unreal1,unknown,-1,5,5,Mealy
prioritized_arbiter_unreal1_pb_4_11_pe_,prioritized_arbiter_unreal1,unknown,-1,5,5,Mealy
prioritized_arbiter_unreal1_pb_4_12_pe_,prioritized_arbiter_unreal1,unknown,-1,5,5,Mealy
prioritized_arbiter_unreal1_pb_4_13_pe_,prioritized_arbiter_unreal1,unknown,-1,5,5,Mealy
prioritized_arbiter_unreal1_pb_4_14_pe_,prioritized_arbiter_unreal1,unknown,-1,5,5,Mealy
prioritized_arbiter_unreal1_pb_4_15_pe_,prioritized_arbiter_unreal1,unknown,-1,5,5,Mealy
prioritized_arbiter_unreal1_pb_4_16_pe_,prioritized_arbiter_unreal1,unknown,-1,5,5,Mealy
prioritized_arbiter_unreal1_pb_4_1_pe_,prioritized_arbiter_unreal1,unknown,-1,5,5,Mealy
prioritized_arbiter_unreal1_pb_4_2_pe_,prioritized_arbiter_unreal1,unknown,-1,5,5,Mealy
prioritized_arbiter_unreal1_pb_4_3_pe_,prioritized_arbiter_unreal1,unknown,-1,5,5,Mealy
prioritized_arbiter_unreal1_pb_4_4_pe_,prioritized_arbiter_unreal1,unknown,-1,5,5,Mealy
prioritized_arbiter_unreal1_pb_4_5_pe_,prioritized_arbiter_unreal1,unknown,-1,5,5,Mealy
prioritized_arbiter_unreal1_pb_4_6_pe_,prioritized_arbiter_unreal1,unknown,-1,5,5,Mealy
prioritized_arbiter_unreal1_pb_4_7_pe_,prioritized_arbiter_unreal1,unknown,-1,5,5,Mealy
prioritized_arbiter_unreal1_pb_4_8_pe_,prioritized_arbiter_unreal1,unknown,-1,5,5,Mealy
prioritized_arbiter_unreal1_pb_4_9_pe_,prioritized_arbiter_unreal1,unknown,-1,5,5,Mealy
prioritized_arbiter_unreal1_pb_5_16_pe_,prioritized_arbiter_unreal1,unknown,-1,6,6,Mealy
prioritized_arbiter_unreal1_pb_5_2_pe_,prioritized_arbiter_unreal1,unknown,-1,6,6,Mealy
prioritized_arbiter_unreal1_pb_5_32_pe_,prioritized_arbiter_unreal1,unknown,-1,6,6,Mealy
prioritized_arbiter_unreal1_pb_5_4_pe_,prioritized_arbiter_unreal1,unknown,-1,6,6,Mealy
prioritized_arbiter_unreal1_pb_6_16_pe_,prioritized_arbiter_unreal1,unknown,-1,7,7,Mealy
prioritized_arbiter_unreal1_pb_6_2_pe_,prioritized_arbiter_unreal1,unknown,-1,7,7,Mealy
prioritized_arbiter_unreal1_pb_6_32_pe_,prioritized_arbiter_unreal1,unknown,-1,7,7,Mealy
prioritized_arbiter_unreal1_pb_6_4_pe_,prioritized_arbiter_unreal1,unknown,-1,7,7,Mealy
prioritized_arbiter_unreal2_pb_100_pe_,prioritized_arbiter_unreal2,unknown,-1,101,101,Mealy
prioritized_arbiter_unreal2_pb_10_pe_,prioritized_arbiter_unreal2,unknown,-1,11,11,Mealy
prioritized_arbiter_unreal2_pb_2_pe_,prioritized_arbiter_unreal2,unknown,-1,3,3,Mealy
prioritized_arbiter_unreal2_pb_30_pe_,prioritized_arbiter_unreal2,unknown,-1,31,31,Mealy
prioritized_arbiter_unreal2_pb_3_pe_,prioritized_arbiter_unreal2,unknown,-1,4,4,Mealy
prioritized_arbiter_unreal2_pb_4_pe_,prioritized_arbiter_unreal2,unknown,-1,5,5,Mealy
prioritized_arbiter_unreal2_pb_5_pe_,prioritized_arbiter_unreal2,unknown,-1,6,6,Mealy
prioritized_arbiter_unreal2_pb_60_pe_,prioritized_arbiter_unreal2,unknown,-1,61,61,Mealy
prioritized_arbiter_unreal2_pb_6_pe_,prioritized_arbiter_unreal2,unknown,-1,7,7,Mealy
prioritized_arbiter_unreal2_pb_7_pe_,prioritized_arbiter_unreal2,unknown,-1,8,8,Mealy
prioritized_arbiter_unreal2_pb_8_pe_,prioritized_arbiter_unreal2,unknown,-1,9,9,Mealy
reversible-lane-r-real,reversible-lane-r-real,unknown,-1,14,2,Mealy
reversible-lane-u-unreal,reversible-lane-u-unreal,unknown,-1,14,2,Mealy
reversible-lane-u0,reversible-lane-u0,unknown,-1,14,2,Mealy
reversible-lane-u1,reversible-lane-u1,unknown,-1,14,2,Mealy
robot-cat-real-1d-real,robot-cat-real-1d-real,unknown,-1,14,2,Mealy
robot-cat-real-2d-real,robot-cat-real-2d-real,unknown,-1,22,3,Mealy
robot-cat-unreal-1d-unreal,robot-cat-unreal-1d-unreal,unknown,-1,14,2,Mealy
robot-cat-unreal-2d-unreal,robot-cat-unreal-2d-unreal,unknown,-1,22,3,Mealy
robot-grid-commute-1d-real,robot-grid-commute-1d-real,unknown,-1,13,2,Mealy
robot-grid-commute-2d-real,robot-grid-commute-2d-real,unknown,-1,21,3,Mealy
robot-grid-reach-1d-real,robot-grid-reach-1d-real,unknown,-1,8,2,Mealy
robot-grid-reach-2d-real,robot-grid-reach-2d-real,unknown,-1,13,3,Mealy
robot-grid-reach-repeated-with-obstacles-1d-real,robot-grid-reach-repeated-with-obstacles-1d-real,unknown,-1,8,2,Mealy
robot-grid-reach-repeated-with-obstacles-2d-real,robot-grid-reach-repeated-with-obstacles-2d-real,unknown,-1,13,3,Mealy
robot-grid-reach-repeated-with-obstacles-6d-real,robot-grid-reach-repeated-with-obstacles-6d-real,unknown,-1,30,4,Mealy
robot-resource-1d-unreal,robot-resource-1d-unreal,unknown,-1,12,2,Mealy
robot-resource-1d0,robot-resource-1d0,unknown,-1,10,2,Mealy
robot-resource-1d1,robot-resource-1d1,unknown,-1,11,2,Mealy
robot-resource-2d0,robot-resource-2d0,unknown,-1,14,3,Mealy
robot-resource-2d1,robot-resource-2d1,unknown,-1,15,3,Mealy
robot-resource-2d10,robot-resource-2d10,unknown,-1,18,3,Mealy
robot-resource-2d11,robot-resource-2d11,unknown,-1,18,3,Mealy
robot-resource-2d12,robot-resource-2d12,unknown,-1,18,3,Mealy
robot-resource-2d13,robot-resource-2d13,unknown,-1,18,3,Mealy
robot-resource-2d14,robot-resource-2d14,unknown,-1,18,3,Mealy
robot-resource-2d15,robot-resource-2d15,unknown,-1,18,3,Mealy
robot-resource-2d16,robot-resource-2d16,unknown,-1,19,3,Mealy
robot-resource-2d17,robot-resource-2d17,unknown,-1,19,3,Mealy
robot-resource-2d18,robot-resource-2d18,unknown,-1,19,3,Mealy
robot-resource-2d19,robot-resource-2d19,unknown,-1,19,3,Mealy
robot-resource-2d2,robot-resource-2d2,unknown,-1,16,3,Mealy
robot-resource-2d20,robot-resource-2d20,unknown,-1,19,3,Mealy
robot-resource-2d21,robot-resource-2d21,unknown,-1,19,3,Mealy
robot-resource-2d22,robot-resource-2d22,unknown,-1,19,3,Mealy
robot-resource-2d23,robot-resource-2d23,unknown,-1,19,3,Mealy
robot-resource-2d3,robot-resource-2d3,unknown,-1,16,3,Mealy
robot-resource-2d4,robot-resource-2d4,unknown,-1,17,3,Mealy
robot-resource-2d5,robot-resource-2d5,unknown,-1,17,3,Mealy
robot-resource-2d6,robot-resource-2d6,unknown,-1,17,3,Mealy
robot-resource-2d7,robot-resource-2d7,unknown,-1,17,3,Mealy
robot-resource-2d8,robot-resource-2d8,unknown,-1,18,3,Mealy
robot-resource-2d9,robot-resource-2d9,unknown,-1,18,3,Mealy
robot-tasks-real,robot-tasks-real,unknown,-1,11,0,Mealy
robot-to-target-charging-real,robot-to-target-charging-real,unknown,-1,23,1,Mealy
robot-to-target-charging-unreal0,robot-to-target-charging-unreal0,unknown,-1,22,1,Mealy
robot-to-target-charging-unreal1,robot-to-target-charging-unreal1,unknown,-1,23,1,Mealy
robot-to-target-charging-unreal2,robot-to-target-charging-unreal2,unknown,-1,23,1,Mealy
robot-to-target-charging-unreal3,robot-to-target-charging-unreal3,unknown,-1,23,1,Mealy
robot-to-target-charging-unreal4,robot-to-target-charging-unreal4,unknown,-1,24,1,Mealy
robot-to-target-charging-unreal5,robot-to-target-charging-unreal5,unknown,-1,24,1,Mealy
robot-to-target-charging-unreal6,robot-to-target-charging-unreal6,unknown,-1,24,1,Mealy
robot-to-target-charging-unreal7,robot-to-target-charging-unreal7,unknown,-1,24,1,Mealy
robot-to-target-charging-unreal8,robot-to-target-charging-unreal8,unknown,-1,25,1,Mealy
robot-to-target-charging0,robot-to-target-charging0,unknown,-1,18,1,Mealy
robot-to-target-charging1,robot-to-target-charging1,unknown,-1,19,1,Mealy
robot-to-target-charging10,robot-to-target-charging10,unknown,-1,21,1,Mealy
robot-to-target-charging11,robot-to-target-charging11,unknown,-1,21,1,Mealy
robot-to-target-charging12,robot-to-target-charging12,unknown,-1,21,1,Mealy
robot-to-target-charging13,robot-to-target-charging13,unknown,-1,21,1,Mealy
robot-to-target-charging14,robot-to-target-charging14,unknown,-1,21,1,Mealy
robot-to-target-charging15,robot-to-target-charging15,unknown,-1,22,1,Mealy
robot-to-target-charging16,robot-to-target-charging16,unknown,-1,22,1,Mealy
robot-to-target-charging17,robot-to-target-charging17,unknown,-1,22,1,Mealy
robot-to-target-charging18,robot-to-target-charging18,unknown,-1,22,1,Mealy
robot-to-target-charging19,robot-to-target-charging19,unknown,-1,22,1,Mealy
robot-to-target-charging2,robot-to-target-charging2,unknown,-1,19,1,Mealy
robot-to-target-charging20,robot-to-target-charging20,unknown,-1,22,1,Mealy
robot-to-target-charging21,robot-to-target-charging21,unknown,-1,22,1,Mealy
robot-to-target-charging22,robot-to-target-charging22,unknown,-1,22,1,Mealy
robot-to-target-charging23,robot-to-target-charging23,unknown,-1,22,1,Mealy
robot-to-target-charging24,robot-to-target-charging24,unknown,-1,22,1,Mealy
robot-to-target-charging25,robot-to-target-charging25,unknown,-1,22,1,Mealy
robot-to-target-charging3,robot-to-target-charging3,unknown,-1,20,1,Mealy
robot-to-target-charging4,robot-to-target-charging4,unknown,-1,20,1,Mealy
robot-to-target-charging5,robot-to-target-charging5,unknown,-1,20,1,Mealy
robot-to-target-charging6,robot-to-target-charging6,unknown,-1,20,1,Mealy
robot-to-target-charging7,robot-to-target-charging7,unknown,-1,21,1,Mealy
robot-to-target-charging8,robot-to-target-charging8,unknown,-1,21,1,Mealy
robot-to-target-charging9,robot-to-target-charging9,unknown,-1,21,1,Mealy
robot-to-target-unreal0,robot-to-target-unreal0,unknown,-1,19,4,Mealy
robot-to-target0,robot-to-target0,unknown,-1,19,4,Mealy
robot_analyze_samples_v1-real,robot_analyze_samples_v1-real,unknown,-1,20,2,Mealy
robot_collect_samples_v1-real,robot_collect_samples_v1-real,unknown,-1,19,2,Mealy
robot_collect_samples_v2-real,robot_collect_samples_v2-real,unknown,-1,18,2,Mealy
robot_collect_samples_v3-real,robot_collect_samples_v3-real,unknown,-1,29,2,Mealy
robot_collect_samples_v4-real,robot_collect_samples_v4-real,unknown,-1,29,2,Mealy
robot_deliver_products_1-real,robot_deliver_products_1-real,unknown,-1,27,2,Mealy
robot_deliver_products_20,robot_deliver_products,unknown,-1,38,2,Mealy
robot_deliver_products_30,robot_deliver_products,unknown,-1,44,2,Mealy
robot_deliver_products_40,robot_deliver_products,unknown,-1,44,2,Mealy
robot_deliver_products_50,robot_deliver_products,unknown,-1,45,2,Mealy
robot_grid_pb_2_2_pe_,robot_grid,unknown,-1,4,5,Mealy
robot_grid_pb_3_3_pe_,robot_grid,unknown,-1,8,5,Mealy
robot_grid_pb_4_4_pe_,robot_grid,unknown,-1,8,5,Mealy
robot_grid_pb_5_1_pe_,robot_grid,unknown,-1,8,5,Mealy
robot_grid_pb_5_5_pe_,robot_grid,unknown,-1,12,5,Mealy
robot_grid_pb_6_1_pe_,robot_grid,unknown,-1,8,5,Mealy
robot_grid_pb_6_6_pe_,robot_grid,unknown,-1,12,5,Mealy
robot_grid_pb_7_7_pe_,robot_grid,unknown,-1,12,5,Mealy
robot_grid_pb_8_8_pe_,robot_grid,unknown,-1,12,5,Mealy
robot_repair0,robot_repair0,unknown,-1,23,2,Mealy
robot_repair1,robot_repair1,unknown,-1,24,2,Mealy
robot_repair2,robot_repair2,unknown,-1,24,2,Mealy
robot_repair3,robot_repair3,unknown,-1,24,2,Mealy
robot_repair4,robot_repair4,unknown,-1,24,2,Mealy
robot_repair5,robot_repair5,unknown,-1,30,2,Mealy
robot_running-real,robot_running-real,unknown,-1,26,2,Mealy
round_robin_arbiter_pb_10_pe_,round_robin_arbiter,unknown,-1,10,10,Mealy
round_robin_arbiter_pb_12_pe_,round_robin_arbiter,unknown,-1,12,12,Mealy
round_robin_arbiter_pb_15_pe_,round_robin_arbiter,unknown,-1,15,15,Mealy
round_robin_arbiter_pb_2_pe_,round_robin_arbiter,unknown,-1,2,2,Mealy
round_robin_arbiter_pb_3_pe_,round_robin_arbiter,unknown,-1,3,3,Mealy
round_robin_arbiter_pb_4_pe_,round_robin_arbiter,unknown,-1,4,4,Mealy
round_robin_arbiter_pb_5_pe_,round_robin_arbiter,unknown,-1,5,5,Mealy
round_robin_arbiter_pb_6_pe_,round_robin_arbiter,unknown,-1,6,6,Mealy
round_robin_arbiter_pb_7_pe_,round_robin_arbiter,unknown,-1,7,7,Mealy
round_robin_arbiter_pb_8_pe_,round_robin_arbiter,unknown,-1,8,8,Mealy
round_robin_arbiter_unreal1_pb_2_10_pe_,round_robin_arbiter_unreal1,unknown,-1,2,2,Mealy
round_robin_arbiter_unreal1_pb_2_11_pe_,round_robin_arbiter_unreal1,unknown,-1,2,2,Mealy
round_robin_arbiter_unreal1_pb_2_12_pe_,round_robin_arbiter_unreal1,unknown,-1,2,2,Mealy
round_robin_arbiter_unreal1_pb_2_13_pe_,round_robin_arbiter_unreal1,unknown,-1,2,2,Mealy
round_robin_arbiter_unreal1_pb_2_14_pe_,round_robin_arbiter_unreal1,unknown,-1,2,2,Mealy
round_robin_arbiter_unreal1_pb_2_15_pe_,round_robin_arbiter_unreal1,unknown,-1,2,2,Mealy
round_robin_arbiter_unreal1_pb_2_16_pe_,round_robin_arbiter_unreal1,unknown,-1,2,2,Mealy
round_robin_arbiter_unreal1_pb_2_1_pe_,round_robin_arbiter_unreal1,unknown,-1,2,2,Mealy
round_robin_arbiter_unreal1_pb_2_2_pe_,round_robin_arbiter_unreal1,unknown,-1,2,2,Mealy
round_robin_arbiter_unreal1_pb_2_3_pe_,round_robin_arbiter_unreal1,unknown,-1,2,2,Mealy
round_robin_arbiter_unreal1_pb_2_4_pe_,round_robin_arbiter_unreal1,unknown,-1,2,2,Mealy
round_robin_arbiter_unreal1_pb_2_5_pe_,round_robin_arbiter_unreal1,unknown,-1,2,2,Mealy
round_robin_arbiter_unreal1_pb_2_6_pe_,round_robin_arbiter_unreal1,unknown,-1,2,2,Mealy
round_robin_arbiter_unreal1_pb_2_7_pe_,round_robin_arbiter_unreal1,unknown,-1,2,2,Mealy
round_robin_arbiter_unreal1_pb_2_8_pe_,round_robin_arbiter_unreal1,unknown,-1,2,2,Mealy
round_robin_arbiter_unreal1_pb_2_9_pe_,round_robin_arbiter_unreal1,unknown,-1,2,2,Mealy
round_robin_arbiter_unreal1_pb_3_10_pe_,round_robin_arbiter_unreal1,unknown,-1,3,3,Mealy
round_robin_arbiter_unreal1_pb_3_11_pe_,round_robin_arbiter_unreal1,unknown,-1,3,3,Mealy
round_robin_arbiter_unreal1_pb_3_12_pe_,round_robin_arbiter_unreal1,unknown,-1,3,3,Mealy
round_robin_arbiter_unreal1_pb_3_13_pe_,round_robin_arbiter_unreal1,unknown,-1,3,3,Mealy
round_robin_arbiter_unreal1_pb_3_14_pe_,round_robin_arbiter_unreal1,unknown,-1,3,3,Mealy
round_robin_arbiter_unreal1_pb_3_15_pe_,round_robin_arbiter_unreal1,unknown,-1,3,3,Mealy
round_robin_arbiter_unreal1_pb_3_16_pe_,round_robin_arbiter_unreal1,unknown,-1,3,3,Mealy
round_robin_arbiter_unreal1_pb_3_1_pe_,round_robin_arbiter_unreal1,unknown,-1,3,3,Mealy
round_robin_arbiter_unreal1_pb_3_20_pe_,round_robin_arbiter_unreal1,unknown,-1,3,3,Mealy
round_robin_arbiter_unreal1_pb_3_22_pe_,round_robin_arbiter_unreal1,unknown,-1,3,3,Mealy
round_robin_arbiter_unreal1_pb_3_2_pe_,round_robin_arbiter_unreal1,unknown,-1,3,3,Mealy
round_robin_arbiter_unreal1_pb_3_3_pe_,round_robin_arbiter_unreal1,unknown,-1,3,3,Mealy
round_robin_arbiter_unreal1_pb_3_4_pe_,round_robin_arbiter_unreal1,unknown,-1,3,3,Mealy
round_robin_arbiter_unreal1_pb_3_50_pe_,round_robin_arbiter_unreal1,unknown,-1,3,3,Mealy
round_robin_arbiter_unreal1_pb_3_5_pe_,round_robin_arbiter_unreal1,unknown,-1,3,3,Mealy
round_robin_arbiter_unreal1_pb_3_6_pe_,round_robin_arbiter_unreal1,unknown,-1,3,3,Mealy
round_robin_arbiter_unreal1_pb_3_7_pe_,round_robin_arbiter_unreal1,unknown,-1,3,3,Mealy
round_robin_arbiter_unreal1_pb_3_8_pe_,round_robin_arbiter_unreal1,unknown,-1,3,3,Mealy
round_robin_arbiter_unreal1_pb_3_9_pe_,round_robin_arbiter_unreal1,unknown,-1,3,3,Mealy
round_robin_arbiter_unreal1_pb_4_10_pe_,round_robin_arbiter_unreal1,unknown,-1,4,4,Mealy
round_robin_arbiter_unreal1_pb_4_11_pe_,round_robin_arbiter_unreal1,unknown,-1,4,4,Mealy
round_robin_arbiter_unreal1_pb_4_12_pe_,round_robin_arbiter_unreal1,unknown,-1,4,4,Mealy
round_robin_arbiter_unreal1_pb_4_13_pe_,round_robin_arbiter_unreal1,unknown,-1,4,4,Mealy
round_robin_arbiter_unreal1_pb_4_14_pe_,round_robin_arbiter_unreal1,unknown,-1,4,4,Mealy
round_robin_arbiter_unreal1_pb_4_15_pe_,round_robin_arbiter_unreal1,unknown,-1,4,4,Mealy
round_robin_arbiter_unreal1_pb_4_16_pe_,round_robin_arbiter_unreal1,unknown,-1,4,4,Mealy
round_robin_arbiter_unreal1_pb_4_1_pe_,round_robin_arbiter_unreal1,unknown,-1,4,4,Mealy
round_robin_arbiter_unreal1_pb_4_2_pe_,round_robin_arbiter_unreal1,unknown,-1,4,4,Mealy
round_robin_arbiter_unreal1_pb_4_3_pe_,round_robin_arbiter_unreal1,unknown,-1,4,4,Mealy
round_robin_arbiter_unreal1_pb_4_4_pe_,round_robin_arbiter_unreal1,unknown,-1,4,4,Mealy
round_robin_arbiter_unreal1_pb_4_5_pe_,round_robin_arbiter_unreal1,unknown,-1,4,4,Mealy
round_robin_arbiter_unreal1_pb_4_6_pe_,round_robin_arbiter_unreal1,unknown,-1,4,4,Mealy
round_robin_arbiter_unreal1_pb_4_7_pe_,round_robin_arbiter_unreal1,unknown,-1,4,4,Mealy
round_robin_arbiter_unreal1_pb_4_8_pe_,round_robin_arbiter_unreal1,unknown,-1,4,4,Mealy
round_robin_arbiter_unreal1_pb_4_9_pe_,round_robin_arbiter_unreal1,unknown,-1,4,4,Mealy
round_robin_arbiter_unreal2_pb_2_pe_,round_robin_arbiter_unreal2,unknown,-1,2,2,Mealy
round_robin_arbiter_unreal2_pb_3_pe_,round_robin_arbiter_unreal2,unknown,-1,3,3,Mealy
round_robin_arbiter_unreal2_pb_4_pe_,round_robin_arbiter_unreal2,unknown,-1,4,4,Mealy
round_robin_arbiter_unreal2_pb_5_pe_,round_robin_arbiter_unreal2,unknown,-1,5,5,Mealy
round_robin_arbiter_unreal2_pb_6_pe_,round_robin_arbiter_unreal2,unknown,-1,6,6,Mealy
round_robin_arbiter_unreal2_pb_7_pe_,round_robin_arbiter_unreal2,unknown,-1,7,7,Mealy
round_robin_arbiter_unreal2_pb_8_pe_,round_robin_arbiter_unreal2,unknown,-1,8,8,Mealy
rw_arbiter_pb_10_pe_,rw_arbiter,unknown,-1,20,20,Mealy
rw_arbiter_pb_1_pe_,rw_arbiter,unknown,-1,2,2,Mealy
rw_arbiter_pb_2_pe_,rw_arbiter,unknown,-1,4,4,Mealy
rw_arbiter_pb_3_pe_,rw_arbiter,unknown,-1,6,6,Mealy
rw_arbiter_pb_4_pe_,rw_arbiter,unknown,-1,8,8,Mealy
rw_arbiter_pb_5_pe_,rw_arbiter,unknown,-1,10,10,Mealy
rw_arbiter_pb_6_pe_,rw_arbiter,unknown,-1,12,12,Mealy
rw_arbiter_pb_7_pe_,rw_arbiter,unknown,-1,14,14,Mealy
rw_arbiter_pb_8_pe_,rw_arbiter,unknown,-1,16,16,Mealy
rw_arbiter_pb_9_pe_,rw_arbiter,unknown,-1,18,18,Mealy
scheduler-real,scheduler-real,unknown,-1,21,1,Mealy
shift_pb_100_pe_,shift,unknown,-1,100,100,Mealy
shift_pb_10_pe_,shift,unknown,-1,10,10,Mealy
shift_pb_125_pe_,shift,unknown,-1,125,125,Mealy
shift_pb_12_pe_,shift,unknown,-1,12,12,Mealy
shift_pb_132_pe_,shift,unknown,-1,132,132,Mealy
shift_pb_16_pe_,shift,unknown,-1,16,16,Mealy
shift_pb_250_pe_,shift,unknown,-1,250,250,Mealy
shift_pb_32_pe_,shift,unknown,-1,32,32,Mealy
shift_pb_500_pe_,shift,unknown,-1,500,500,Mealy
shift_pb_64_pe_,shift,unknown,-1,64,64,Mealy
shift_pb_8_pe_,shift,unknown,-1,8,8,Mealy
simple_arbiter_enc_pb_10_pe_,simple_arbiter_enc,unknown,-1,4,4,Mealy
simple_arbiter_enc_pb_11_pe_,simple_arbiter_enc,unknown,-1,4,4,Mealy
simple_arbiter_enc_pb_12_pe_,simple_arbiter_enc,unknown,-1,4,4,Mealy
simple_arbiter_enc_pb_13_pe_,simple_arbiter_enc,unknown,-1,4,4,Mealy
simple_arbiter_enc_pb_14_pe_,simple_arbiter_enc,unknown,-1,4,4,Mealy
simple_arbiter_enc_pb_15_pe_,simple_arbiter_enc,unknown,-1,4,4,Mealy
simple_arbiter_enc_pb_16_pe_,simple_arbiter_enc,unknown,-1,4,5,Mealy
simple_arbiter_enc_pb_32_pe_,simple_arbiter_enc,unknown,-1,5,6,Mealy
simple_arbiter_enc_pb_64_pe_,simple_arbiter_enc,unknown,-1,6,7,Mealy
simple_arbiter_enc_pb_8_pe_,simple_arbiter_enc,unknown,-1,3,4,Mealy
simple_arbiter_unreal1_pb_16_1_pe_,simple_arbiter_unreal1,unknown,-1,16,16,Mealy
simple_arbiter_unreal1_pb_16_2_pe_,simple_arbiter_unreal1,unknown,-1,16,16,Mealy
simple_arbiter_unreal1_pb_16_3_pe_,simple_arbiter_unreal1,unknown,-1,16,16,Mealy
simple_arbiter_unreal1_pb_16_4_pe_,simple_arbiter_unreal1,unknown,-1,16,16,Mealy
simple_arbiter_unreal1_pb_16_5_pe_,simple_arbiter_unreal1,unknown,-1,16,16,Mealy
simple_arbiter_unreal1_pb_2_10_pe_,simple_arbiter_unreal1,unknown,-1,2,2,Mealy
simple_arbiter_unreal1_pb_2_12_pe_,simple_arbiter_unreal1,unknown,-1,2,2,Mealy
simple_arbiter_unreal1_pb_2_1_pe_,simple_arbiter_unreal1,unknown,-1,2,2,Mealy
simple_arbiter_unreal1_pb_2_2_pe_,simple_arbiter_unreal1,unknown,-1,2,2,Mealy
simple_arbiter_unreal1_pb_2_3_pe_,simple_arbiter_unreal1,unknown,-1,2,2,Mealy
simple_arbiter_unreal1_pb_2_4_pe_,simple_arbiter_unreal1,unknown,-1,2,2,Mealy
simple_arbiter_unreal1_pb_2_5_pe_,simple_arbiter_unreal1,unknown,-1,2,2,Mealy
simple_arbiter_unreal1_pb_2_6_pe_,simple_arbiter_unreal1,unknown,-1,2,2,Mealy
simple_arbiter_unreal1_pb_2_7_pe_,simple_arbiter_unreal1,unknown,-1,2,2,Mealy
simple_arbiter_unreal1_pb_2_8_pe_,simple_arbiter_unreal1,unknown,-1,2,2,Mealy
simple_arbiter_unreal1_pb_2_9_pe_,simple_arbiter_unreal1,unknown,-1,2,2,Mealy
simple_arbiter_unreal1_pb_3_11_pe_,simple_arbiter_unreal1,unknown,-1,3,3,Mealy
simple_arbiter_unreal1_pb_3_1_pe_,simple_arbiter_unreal1,unknown,-1,3,3,Mealy
simple_arbiter_unreal1_pb_3_2_pe_,simple_arbiter_unreal1,unknown,-1,3,3,Mealy
simple_arbiter_unreal1_pb_3_3_pe_,simple_arbiter_unreal1,unknown,-1,3,3,Mealy
simple_arbiter_unreal1_pb_3_4_pe_,simple_arbiter_unreal1,unknown,-1,3,3,Mealy
simple_arbiter_unreal1_pb_3_5_pe_,simple_arbiter_unreal1,unknown,-1,3,3,Mealy
simple_arbiter_unreal1_pb_3_6_pe_,simple_arbiter_unreal1,unknown,-1,3,3,Mealy
simple_arbiter_unreal1_pb_3_7_pe_,simple_arbiter_unreal1,unknown,-1,3,3,Mealy
simple_arbiter_unreal1_pb_3_8_pe_,simple_arbiter_unreal1,unknown,-1,3,3,Mealy
simple_arbiter_unreal1_pb_3_9_pe_,simple_arbiter_unreal1,unknown,-1,3,3,Mealy
simple_arbiter_unreal1_pb_4_10_pe_,simple_arbiter_unreal1,unknown,-1,4,4,Mealy
simple_arbiter_unreal1_pb_4_12_pe_,simple_arbiter_unreal1,unknown,-1,4,4,Mealy
simple_arbiter_unreal1_pb_4_1_pe_,simple_arbiter_unreal1,unknown,-1,4,4,Mealy
simple_arbiter_unreal1_pb_4_2_pe_,simple_arbiter_unreal1,unknown,-1,4,4,Mealy
simple_arbiter_unreal1_pb_4_3_pe_,simple_arbiter_unreal1,unknown,-1,4,4,Mealy
simple_arbiter_unreal1_pb_4_4_pe_,simple_arbiter_unreal1,unknown,-1,4,4,Mealy
simple_arbiter_unreal1_pb_4_5_pe_,simple_arbiter_unreal1,unknown,-1,4,4,Mealy
simple_arbiter_unreal1_pb_4_6_pe_,simple_arbiter_unreal1,unknown,-1,4,4,Mealy
simple_arbiter_unreal1_pb_4_7_pe_,simple_arbiter_unreal1,unknown,-1,4,4,Mealy
simple_arbiter_unreal1_pb_4_8_pe_,simple_arbiter_unreal1,unknown,-1,4,4,Mealy
simple_arbiter_unreal1_pb_4_9_pe_,simple_arbiter_unreal1,unknown,-1,4,4,Mealy
simple_arbiter_unreal1_pb_5_10_pe_,simple_arbiter_unreal1,unknown,-1,5,5,Mealy
simple_arbiter_unreal1_pb_5_1_pe_,simple_arbiter_unreal1,unknown,-1,5,5,Mealy
simple_arbiter_unreal1_pb_5_2_pe_,simple_arbiter_unreal1,unknown,-1,5,5,Mealy
simple_arbiter_unreal1_pb_5_3_pe_,simple_arbiter_unreal1,unknown,-1,5,5,Mealy
simple_arbiter_unreal1_pb_5_4_pe_,simple_arbiter_unreal1,unknown,-1,5,5,Mealy
simple_arbiter_unreal1_pb_5_5_pe_,simple_arbiter_unreal1,unknown,-1,5,5,Mealy
simple_arbiter_unreal1_pb_5_6_pe_,simple_arbiter_unreal1,unknown,-1,5,5,Mealy
simple_arbiter_unreal1_pb_5_7_pe_,simple_arbiter_unreal1,unknown,-1,5,5,Mealy
simple_arbiter_unreal1_pb_5_8_pe_,simple_arbiter_unreal1,unknown,-1,5,5,Mealy
simple_arbiter_unreal1_pb_5_9_pe_,simple_arbiter_unreal1,unknown,-1,5,5,Mealy
simple_arbiter_unreal1_pb_6_1_pe_,simple_arbiter_unreal1,unknown,-1,6,6,Mealy
simple_arbiter_unreal1_pb_6_2_pe_,simple_arbiter_unreal1,unknown,-1,6,6,Mealy
simple_arbiter_unreal1_pb_6_3_pe_,simple_arbiter_unreal1,unknown,-1,6,6,Mealy
simple_arbiter_unreal1_pb_6_4_pe_,simple_arbiter_unreal1,unknown,-1,6,6,Mealy
simple_arbiter_unreal1_pb_6_5_pe_,simple_arbiter_unreal1,unknown,-1,6,6,Mealy
simple_arbiter_unreal1_pb_8_8_pe_,simple_arbiter_unreal1,unknown,-1,8,8,Mealy
simple_arbiter_unreal2_pb_10_pe_,simple_arbiter_unreal2,unknown,-1,10,10,Mealy
simple_arbiter_unreal2_pb_25_pe_,simple_arbiter_unreal2,unknown,-1,25,25,Mealy
simple_arbiter_unreal2_pb_2_pe_,simple_arbiter_unreal2,unknown,-1,2,2,Mealy
simple_arbiter_unreal2_pb_3_pe_,simple_arbiter_unreal2,unknown,-1,3,3,Mealy
simple_arbiter_unreal2_pb_4_pe_,simple_arbiter_unreal2,unknown,-1,4,4,Mealy
simple_arbiter_unreal2_pb_50_pe_,simple_arbiter_unreal2,unknown,-1,50,50,Mealy
simple_arbiter_unreal2_pb_5_pe_,simple_arbiter_unreal2,unknown,-1,5,5,Mealy
simple_arbiter_unreal2_pb_60_pe_,simple_arbiter_unreal2,unknown,-1,60,60,Mealy
simple_arbiter_unreal2_pb_6_pe_,simple_arbiter_unreal2,unknown,-1,6,6,Mealy
simple_arbiter_unreal2_pb_75_pe_,simple_arbiter_unreal2,unknown,-1,75,75,Mealy
simple_arbiter_unreal2_pb_7_pe_,simple_arbiter_unreal2,unknown,-1,7,7,Mealy
simple_arbiter_unreal2_pb_8_pe_,simple_arbiter_unreal2,unknown,-1,8,8,Mealy
simple_arbiter_with_hints_pb_10_pe_,simple_arbiter_with_hints,unknown,-1,10,10,Mealy
simple_arbiter_with_hints_pb_12_pe_,simple_arbiter_with_hints,unknown,-1,12,12,Mealy
simple_arbiter_with_hints_pb_15_pe_,simple_arbiter_with_hints,unknown,-1,15,15,Mealy
simple_arbiter_with_hints_pb_2_pe_,simple_arbiter_with_hints,unknown,-1,2,2,Mealy
simple_arbiter_with_hints_pb_4_pe_,simple_arbiter_with_hints,unknown,-1,4,4,Mealy
simple_arbiter_with_hints_pb_6_pe_,simple_arbiter_with_hints,unknown,-1,6,6,Mealy
simple_arbiter_with_hints_pb_8_pe_,simple_arbiter_with_hints,unknown,-1,8,8,Mealy
solitary-real,solitary-real,unknown,-1,6,2,Mealy
solitary0,solitary0,unknown,-1,5,2,Mealy
sort4-real,sort4-real,unknown,-1,21,2,Mealy
sort40,sort40,unknown,-1,14,2,Mealy
sort41,sort41,unknown,-1,15,2,Mealy
sort42,sort42,unknown,-1,18,2,Mealy
sort50,sort50,unknown,-1,17,3,Mealy
sort51,sort51,unknown,-1,20,3,Mealy
sort52,sort52,unknown,-1,23,3,Mealy
sort53,sort53,unknown,-1,26,3,Mealy
square5x5-real,square5x5-real,unknown,-1,15,4,Mealy
square5x50,square5x50,unknown,-1,13,4,Mealy
square5x51,square5x51,unknown,-1,14,4,Mealy
square5x52,square5x52,unknown,-1,14,4,Mealy
square5x53,square5x53,unknown,-1,15,4,Mealy
square5x54,square5x54,unknown,-1,15,4,Mealy
storage-GF-64-real,storage-GF-64-real,unknown,-1,9,1,Mealy
tasks-real,tasks-real,unknown,-1,11,2,Mealy
tasks-unreal0,tasks-unreal0,unknown,-1,12,5,Mealy
tasks-unreal1,tasks-unreal1,unknown,-1,13,5,Mealy
tasks-unreal2,tasks-unreal2,unknown,-1,13,5,Mealy
taxi-service-real,taxi-service-real,unknown,-1,13,3,Mealy
taxi-service-u-unreal,taxi-service-u-unreal,unknown,-1,13,3,Mealy
test2_f2774e0b,test2,realizable,1,4,16,Mealy
test3_efe2feaf,test3,realizable,2,4,16,Mealy
test4_4b82b1f4,test4,unrealizable,-1,2,8,Mealy
test5_6cbc6174,test5,realizable,4,1,6,Mealy
test6_0f5381e9,test6,realizable,4,1,8,Mealy
test7_2c5b09da,test7,realizable,22,2,6,Mealy
test8_88f351a6,test8,unrealizable,-1,2,6,Mealy
test9_dd3a27e1,test9,unrealizable,-1,3,6,Mealy
test_f3987563,test,realizable,0,2,4,Mealy
thermostat-F-real,thermostat-F-real,unknown,-1,14,1,Mealy
thermostat-GF-real,thermostat-GF-real,unknown,-1,14,4,Mealy
thermostat-GF-unreal0,thermostat-GF-unreal0,unknown,-1,14,4,Mealy
thermostat-GF-unreal1,thermostat-GF-unreal1,unknown,-1,17,4,Mealy
thermostat-GF-unreal2,thermostat-GF-unreal2,unknown,-1,18,4,Mealy
tmp_13cfc6f2,tmp,realizable,47,6,7,Mealy
unordered-visits-charging0,unordered-visits-charging0,unknown,-1,15,6,Mealy
unordered-visits-real,unordered-visits-real,unknown,-1,11,4,Mealy
workstation_resupply_pb_1_pe_,workstation_resupply,unknown,-1,1,7,Mealy
workstation_resupply_pb_2_pe_,workstation_resupply,unknown,-1,2,9,Mealy
workstation_resupply_pb_3_pe_,workstation_resupply,unknown,-1,3,11,Mealy
workstation_resupply_pb_4_pe_,workstation_resupply,unknown,-1,4,13,Mealy
workstation_resupply_pb_5_pe_,workstation_resupply,unknown,-1,5,15,Mealy
workstation_resupply_pb_6_pe_,workstation_resupply,unknown,-1,6,17,Mealy
workstation_resupply_pb_7_pe_,workstation_resupply,unknown,-1,7,19,Mealy
